StartDate,EndDate,Status,IPAddress,Progress,Duration (in seconds),Finished,RecordedDate,ResponseId,LocationLatitude,LocationLongitude,DistributionChannel,UserLanguage,11,12,13,14,15,21,22,23,24,25,31,32,33,34,35,41,42,43,44,45,51,52,53,54,55,61,62,63,64,65,71,72,73,74,75,81,82,83,84,85,91,92,93,94,95,101,102,103,104,105
2020-11-07 12:04:28,2020-11-07 12:07:53,0,79.110.53.34,100,204,1,2020-11-07 12:07:53.825,R_3KZmLhM9GxlzOFm,36.16850280761719,-115.11640167236328,anonymous,EN,3,7,3,3,2,3,2,7,3,3,7,7,7,7,7,7,7,7,7,7,4,3,4,2,1,3,7,6,3,7,8,8,8,8,8,8,8,8,8,8,4,3,6,7,8,8,8,8,9,7
2020-11-07 12:04:40,2020-11-07 12:08:31,0,75.190.204.157,100,230,1,2020-11-07 12:08:31.316,R_BJTbzmzL62fahbz,35.4010009765625,-80.8687973022461,anonymous,EN,2,2,2,2,2,6,6,6,6,6,6,6,6,6,5,5,5,5,5,5,4,4,4,4,4,8,6,7,7,8,7,7,7,6,7,7,7,7,7,7,3,3,3,3,3,5,5,5,5,5
2020-11-07 12:04:13,2020-11-07 12:08:40,0,24.167.162.47,100,266,1,2020-11-07 12:08:40.842,R_UxLAf8XxkoX6qBj,36.032196044921875,-79.85880279541016,anonymous,EN,4,3,4,4,4,4,4,4,4,4,5,5,5,5,5,4,4,4,4,4,3,3,3,4,3,6,6,6,7,7,6,7,7,7,6,7,7,7,7,6,4,4,4,4,4,5,5,5,5,5
2020-11-07 12:05:01,2020-11-07 12:08:44,0,122.164.33.143,100,223,1,2020-11-07 12:08:44.983,R_2CwaqzLJonWy4zi,13.087799072265625,80.27850341796875,anonymous,EN,5,5,6,5,6,4,6,6,6,6,6,4,6,3,3,6,6,4,6,5,6,6,6,6,6,6,4,6,3,4,4,8,6,8,8,4,4,5,4,5,1,2,4,4,4,4,7,6,6,6
2020-11-07 12:04:54,2020-11-07 12:08:55,0,103.66.79.87,100,241,1,2020-11-07 12:08:56.222,R_23fpZnxZtbx1clK,11.042007446289062,76.08151245117188,anonymous,EN,5,4,4,4,6,5,6,6,6,6,6,4,5,7,4,3,4,4,3,2,6,7,6,6,7,5,3,8,6,6,6,6,7,8,7,5,8,6,5,6,3,3,4,4,3,6,10,9,7,7
2020-11-07 12:03:59,2020-11-07 12:09:09,0,122.174.207.0,100,309,1,2020-11-07 12:09:09.357,R_23ghon57YDl4r7n,13.087799072265625,80.27850341796875,anonymous,EN,4,4,4,4,7,6,4,6,4,4,2,4,2,3,3,3,4,3,3,4,3,4,4,5,4,7,6,8,8,4,7,8,8,8,7,4,4,3,3,3,3,4,3,2,3,7,7,6,7,7
2020-11-07 12:06:48,2020-11-07 12:09:48,0,47.196.90.173,100,179,1,2020-11-07 12:09:48.961,R_2pRjgEPX8FrMrGw,27.9031982421875,-82.29109954833984,anonymous,EN,1,2,1,2,2,1,2,2,2,2,8,7,8,7,7,3,4,2,5,6,2,2,3,3,2,8,8,9,8,8,8,9,7,9,9,8,9,9,9,9,5,5,7,5,5,5,8,7,8,8
2020-11-07 12:04:27,2020-11-07 12:09:53,0,122.174.3.222,100,326,1,2020-11-07 12:09:54.141,R_2Yt9EafEm58srWm,13.087799072265625,80.27850341796875,anonymous,EN,9,8,9,8,9,8,7,9,8,10,7,9,8,7,7,8,9,9,9,9,10,8,9,8,9,8,9,8,8,9,7,8,9,10,7,8,8,9,8,8,9,8,9,8,8,9,8,8,8,7
2020-11-07 12:06:32,2020-11-07 12:10:18,0,24.127.94.39,100,225,1,2020-11-07 12:10:18.472,R_3sia7ZggDJ7OYms,42.645599365234375,-83.3563003540039,anonymous,EN,3,3,3,3,3,5,5,5,5,5,6,6,6,6,6,5,5,5,5,5,5,5,5,5,5,6,5,6,6,6,5,5,5,5,5,6,6,6,6,6,4,4,4,4,4,6,6,6,6,6
2020-11-07 12:08:00,2020-11-07 12:11:00,0,74.221.181.40,100,179,1,2020-11-07 12:11:01.016,R_2ZQSr8BUgxdexsm,35.12120056152344,-85.30339813232422,anonymous,EN,4,4,4,4,3,4,3,3,3,3,5,5,5,5,5,4,4,4,4,4,6,6,6,6,6,4,4,4,4,4,6,5,5,5,5,4,4,6,4,4,6,3,3,3,3,7,7,7,7,7
2020-11-07 12:05:36,2020-11-07 12:11:35,0,122.164.42.42,100,359,1,2020-11-07 12:11:35.857,R_3Htvl2VjVWem9sM,13.087799072265625,80.27850341796875,anonymous,EN,6,7,7,7,7,6,6,6,6,6,8,7,8,7,7,7,7,7,7,7,7,7,7,7,7,8,8,8,8,8,8,8,8,8,8,8,8,8,8,8,7,7,7,7,7,7,7,7,7,7
2020-11-07 12:07:40,2020-11-07 12:12:26,0,68.81.42.79,100,285,1,2020-11-07 12:12:26.946,R_2YrmrxVGo8IHGKs,40.268402099609375,-75.39029693603516,anonymous,EN,3,4,4,4,3,4,4,4,3,4,7,7,7,7,8,4,4,4,4,4,3,3,3,3,2,7,7,8,8,8,7,7,7,7,7,8,7,8,8,8,3,3,3,3,3,4,4,4,3,4
2020-11-07 12:06:15,2020-11-07 12:13:17,0,122.174.170.47,100,420,1,2020-11-07 12:13:17.297,R_2SC4QkB7xDFx5PD,13.087799072265625,80.27850341796875,anonymous,EN,6,6,6,6,6,4,4,4,4,4,4,4,4,4,4,3,3,3,3,3,4,4,4,4,4,6,4,6,6,4,6,6,6,6,6,6,6,6,6,6,4,4,4,4,4,4,4,4,4,4
2020-11-07 12:09:37,2020-11-07 12:13:23,0,122.174.161.30,100,225,1,2020-11-07 12:13:23.924,R_2z6ZyxjSkhPw5w0,9.939895629882812,76.26019287109375,anonymous,EN,6,6,6,5,6,6,5,6,6,6,5,6,5,6,6,5,5,6,5,6,6,6,6,7,6,5,4,6,6,6,8,6,8,8,7,6,6,6,6,6,6,4,4,6,4,6,6,6,5,6
2020-11-07 12:04:54,2020-11-07 12:13:24,0,122.164.229.0,100,509,1,2020-11-07 12:13:24.641,R_3HLEOvnppHtTujV,13.087799072265625,80.27850341796875,anonymous,EN,8,8,7,6,8,6,7,4,6,4,6,7,8,8,8,7,7,4,4,4,7,8,6,8,8,7,8,8,7,8,8,7,8,8,4,6,6,8,4,4,6,6,4,6,8,7,8,7,6,8
2020-11-07 12:09:13,2020-11-07 12:14:58,0,171.49.189.184,100,345,1,2020-11-07 12:14:59.243,R_1guvrTxb3ydtfup,13.087799072265625,80.27850341796875,anonymous,EN,9,8,9,8,8,9,9,9,9,9,8,8,10,9,9,9,9,9,10,10,8,9,9,9,8,9,9,8,9,8,8,8,9,9,9,10,10,8,8,8,8,9,8,8,8,9,9,9,9,9
2020-11-07 12:08:06,2020-11-07 12:15:03,0,103.217.234.231,100,417,1,2020-11-07 12:15:04.031,R_1ePJWJioV7AHViH,22.562606811523438,88.36300659179688,anonymous,EN,6,6,5,4,5,7,7,7,6,7,7,6,6,6,6,3,3,3,3,3,8,8,8,8,8,7,7,7,8,8,7,6,6,7,7,7,7,7,7,6,7,6,5,4,4,6,6,6,5,7
2020-11-07 12:13:02,2020-11-07 12:17:13,0,172.58.11.89,100,250,1,2020-11-07 12:17:13.468,R_ezDUcuL1UcaFXpv,25.81170654296875,-80.20670318603516,anonymous,EN,3,3,3,3,3,7,7,7,7,6,4,4,4,4,4,6,6,6,6,5,6,6,6,6,6,7,7,7,7,7,6,6,4,6,4,6,6,6,6,6,6,6,6,6,6,5,5,4,5,4
2020-11-07 12:12:54,2020-11-07 12:17:34,0,47.214.24.48,100,279,1,2020-11-07 12:17:35.117,R_2TR9K1ckCTj5bCT,36.669403076171875,-93.24490356445312,anonymous,EN,4,4,4,4,3,4,5,5,4,5,5,5,5,5,5,4,3,3,3,3,4,4,4,4,4,9,8,8,8,8,7,6,6,6,6,7,7,7,7,7,6,6,7,6,6,6,6,6,6,6
2020-11-07 12:12:11,2020-11-07 12:17:36,0,122.174.232.192,100,325,1,2020-11-07 12:17:37.119,R_1DNoOSRddynIzea,13.087799072265625,80.27850341796875,anonymous,EN,7,7,6,6,7,4,6,8,6,7,6,7,8,7,7,7,7,6,8,6,7,7,7,7,6,7,7,7,6,7,8,7,7,7,7,6,7,7,8,7,5,7,6,5,7,7,7,8,6,7
2020-11-07 12:15:14,2020-11-07 12:17:56,0,172.116.202.216,100,162,1,2020-11-07 12:17:57.067,R_DCBxKZGO2k8IgRX,33.65980529785156,-117.34849548339844,anonymous,EN,4,4,4,4,4,5,5,5,5,5,5,5,5,5,5,4,4,5,5,5,4,4,4,4,4,5,5,8,5,5,5,5,5,5,5,6,6,5,5,5,4,5,5,5,6,5,5,5,5,6
2020-11-07 12:14:02,2020-11-07 12:17:59,0,103.110.237.224,100,236,1,2020-11-07 12:17:59.513,R_1gu2mzUCT7hE9cE,11.342803955078125,77.72738647460938,anonymous,EN,4,5,5,5,5,6,7,8,9,6,6,9,7,6,7,4,6,7,5,5,6,6,7,8,6,8,9,8,8,9,9,9,10,9,8,4,5,4,4,4,6,5,5,4,3,6,8,7,7,6
2020-11-07 12:06:18,2020-11-07 12:18:29,0,122.174.83.69,100,730,1,2020-11-07 12:18:29.961,R_xFMphLBRukbOXkd,13.087799072265625,80.27850341796875,anonymous,EN,6,6,6,6,6,8,8,8,8,8,6,6,6,6,6,7,7,7,7,7,7,7,7,7,7,6,6,6,6,6,6,6,6,6,6,6,6,6,6,6,6,6,6,6,6,7,7,7,7,7
2020-11-07 12:17:23,2020-11-07 12:20:11,0,71.202.98.199,100,168,1,2020-11-07 12:20:11.939,R_cutLAdEHTkmUknL,37.5625,-122.00039672851562,anonymous,EN,4,5,4,4,4,5,5,5,5,5,5,5,5,5,5,5,5,5,5,5,5,5,5,4,5,5,5,5,5,5,5,5,5,5,5,5,5,5,5,5,5,5,5,5,4,6,6,6,6,6
2020-11-07 12:15:28,2020-11-07 12:20:19,0,122.174.239.232,100,291,1,2020-11-07 12:20:19.513,R_ebO1RCECx7nnMYh,13.087799072265625,80.27850341796875,anonymous,EN,7,7,7,7,9,9,9,9,9,9,7,7,7,9,7,9,9,9,9,9,9,9,9,9,9,7,7,7,7,9,7,7,7,7,7,7,7,7,7,7,9,7,7,7,7,9,9,9,9,9
2020-11-07 12:16:28,2020-11-07 12:20:39,0,75.71.58.204,100,251,1,2020-11-07 12:20:39.739,R_2ZUDiMmeg30q8JU,39.82940673828125,-104.90950012207031,anonymous,EN,4,4,4,3,4,5,5,5,5,5,6,6,6,6,6,6,6,6,6,6,6,6,6,6,6,8,7,7,8,7,6,7,6,7,7,7,7,7,7,7,4,4,5,4,4,7,7,7,7,7
2020-11-07 12:16:37,2020-11-07 12:24:03,0,122.174.111.210,100,445,1,2020-11-07 12:24:03.712,R_1HpzRipoutVdg3k,13.087799072265625,80.27850341796875,anonymous,EN,8,9,10,9,8,9,8,8,7,9,7,9,9,7,8,8,9,8,10,8,9,9,8,9,6,7,8,7,9,9,9,10,10,9,8,9,9,10,10,8,8,7,8,9,9,7,8,9,8,8
2020-11-07 12:12:20,2020-11-07 12:24:47,0,183.83.254.61,100,746,1,2020-11-07 12:24:47.678,R_274gPYYKnoh9NQh,17.680099487304688,83.20159912109375,anonymous,EN,7,7,6,6,8,5,4,4,4,5,8,8,6,7,8,6,6,6,6,5,7,7,8,7,7,9,9,9,9,9,9,9,9,9,9,9,10,10,9,9,3,5,4,5,5,8,7,7,7,8
2020-11-07 12:10:31,2020-11-07 12:27:18,0,106.217.251.226,100,1007,1,2020-11-07 12:27:19.259,R_3j80pwyF845K56O,16.299697875976562,80.45730590820312,anonymous,EN,6,6,6,6,6,5,5,4,5,4,6,6,6,7,6,6,6,6,6,6,7,7,7,7,7,9,9,8,9,9,8,9,9,9,9,9,9,9,9,9,4,4,4,4,5,7,7,7,7,7
2020-11-07 12:29:11,2020-11-07 12:32:01,0,98.144.251.73,100,170,1,2020-11-07 12:32:01.927,R_3dKcYd2W3nuqXL1,42.889495849609375,-87.90740203857422,anonymous,EN,3,3,3,3,3,6,5,5,5,5,5,5,5,5,5,6,4,4,4,4,4,4,4,4,4,5,5,5,5,5,6,5,5,6,6,6,6,6,6,6,5,5,5,5,5,6,6,5,6,6
2020-11-07 12:25:54,2020-11-07 12:32:34,0,42.109.138.175,100,399,1,2020-11-07 12:32:34.348,R_1MS7YBBDaikE68J,11.0054931640625,76.96609497070312,anonymous,EN,5,6,4,5,5,5,5,5,5,5,6,7,6,6,6,3,3,4,4,3,4,4,5,5,4,7,7,7,8,7,6,7,7,7,6,6,6,6,6,6,2,3,2,3,2,7,7,6,7,6
2020-11-07 12:25:52,2020-11-07 12:34:47,0,67.186.29.207,100,535,1,2020-11-07 12:34:47.990,R_24kfJnjrvRMwBs1,40.305206298828125,-79.54180145263672,anonymous,EN,3,2,3,2,3,9,10,9,10,9,7,7,9,7,8,3,2,2,3,3,9,10,10,10,10,10,10,10,10,10,8,10,9,7,7,10,10,10,10,10,6,6,6,7,6,8,8,7,8,8
2020-11-07 12:32:28,2020-11-07 12:36:45,0,184.91.226.29,100,257,1,2020-11-07 12:36:45.948,R_51KXm8fF8QYKDDj,29.024703979492188,-80.9583969116211,anonymous,EN,5,5,5,5,5,6,6,6,6,6,7,7,7,7,7,6,6,6,6,6,5,5,5,5,5,8,8,8,8,8,8,8,8,8,8,8,8,8,8,8,7,7,7,7,7,8,8,8,8,8
2020-11-07 12:30:58,2020-11-07 12:36:47,0,45.127.44.7,100,349,1,2020-11-07 12:36:48.307,R_2B8JuCOssnBfbwh,19.074798583984375,72.88560485839844,anonymous,EN,4,4,4,4,4,6,6,6,6,6,6,5,6,5,6,6,6,6,5,6,6,6,6,6,6,10,10,10,10,10,6,7,7,6,6,9,8,8,8,8,7,7,7,7,7,7,7,7,7,7
2020-11-07 12:23:10,2020-11-07 12:37:34,0,65.186.218.58,100,864,1,2020-11-07 12:37:34.889,R_1ImvSt0M3ascGPz,40.24589538574219,-83.36029815673828,anonymous,EN,4,4,4,4,4,4,6,4,5,5,7,7,7,7,7,2,2,3,2,3,4,4,4,4,3,7,7,7,7,7,6,7,6,7,7,6,7,6,7,7,3,3,3,3,3,4,5,6,6,4
2020-11-07 12:33:22,2020-11-07 12:37:47,0,24.89.26.5,100,265,1,2020-11-07 12:37:48.296,R_1Kq0hYprO65zio2,39.63429260253906,-77.73370361328125,anonymous,EN,3,4,3,4,3,5,5,5,5,4,7,7,7,7,5,6,5,6,6,6,5,5,4,4,4,6,6,5,6,6,7,8,8,8,7,6,7,7,7,6,5,5,5,5,4,8,7,8,7,7
2020-11-07 12:35:45,2020-11-07 12:40:14,0,73.240.82.174,100,269,1,2020-11-07 12:40:15.228,R_2eX4i4udIzSPzWq,44.592803955078125,-123.27459716796875,anonymous,EN,3,3,3,3,3,5,5,5,5,5,7,7,7,7,7,6,6,6,6,6,4,4,4,4,4,6,7,6,6,6,8,8,8,7,7,5,5,5,5,5,6,6,6,6,6,7,7,7,6,7
2020-11-07 12:34:33,2020-11-07 12:40:39,0,38.126.71.6,100,366,1,2020-11-07 12:40:40.065,R_BEYZJbk9gUcWTO9,45.52879333496094,-122.68209838867188,anonymous,EN,3,3,3,3,4,5,5,5,5,5,4,4,5,4,4,5,5,5,5,5,5,5,5,5,5,6,6,6,6,6,6,6,5,5,5,8,8,8,8,9,4,4,4,4,4,7,7,7,7,6
2020-11-07 12:42:54,2020-11-07 12:44:27,0,68.191.33.60,100,93,1,2020-11-07 12:44:28.184,R_3Ppfgovb16hPwC3,41.33189392089844,-73.23670196533203,anonymous,EN,5,0,4,4,0,7,9,0,7,0,9,5,5,0,1,0,0,5,4,0,7,5,0,0,5,5,5,7,6,0,0,5,1,6,4,4,0,4,5,4,4,0,0,7,5,5,0,0,5,5
2020-11-07 12:40:18,2020-11-07 12:44:40,0,66.108.194.46,100,261,1,2020-11-07 12:44:40.671,R_WCdRq3JDnQ5eFBT,40.694000244140625,-73.8219985961914,anonymous,EN,2,2,2,2,2,5,5,5,5,6,5,5,5,5,5,5,5,5,4,2,5,5,5,5,5,5,7,8,6,5,6,5,6,6,6,7,5,6,6,6,5,5,4,5,5,6,6,7,6,6
2020-11-07 12:46:29,2020-11-07 12:50:54,0,174.80.211.124,100,265,1,2020-11-07 12:50:55.216,R_2tKEgLzdWqAsWrF,34.968902587890625,-82.14800262451172,anonymous,EN,4,4,4,4,4,5,5,5,5,6,8,8,7,7,7,5,6,5,5,5,6,6,5,6,6,8,8,8,8,8,8,8,8,8,8,9,9,9,9,9,5,5,5,5,5,6,7,6,6,6
2020-11-07 12:48:12,2020-11-07 12:50:55,0,100.8.53.41,100,163,1,2020-11-07 12:50:55.925,R_3qImhmILk0rJJqB,40.84919738769531,-73.97350311279297,anonymous,EN,1,1,1,1,1,1,2,1,2,1,2,2,2,2,2,2,2,2,2,2,2,3,3,2,2,5,6,5,4,3,6,5,4,5,5,7,7,6,5,6,2,2,1,2,2,5,5,5,5,5
2020-11-07 12:48:10,2020-11-07 12:52:58,0,70.32.0.58,100,287,1,2020-11-07 12:52:58.614,R_3jeUVnYsQD7aVHc,39.048095703125,-77.4728012084961,anonymous,EN,3,3,3,3,3,3,3,2,3,3,5,5,5,5,4,4,5,4,4,4,4,4,4,4,4,7,6,7,7,6,5,5,5,5,5,7,7,7,7,7,5,4,4,4,4,5,4,5,5,6
2020-11-07 12:13:53,2020-11-07 12:57:14,0,59.92.30.5,100,2601,1,2020-11-07 12:57:15.239,R_3fvDaf3AM9LbB7L,11.653793334960938,78.1553955078125,anonymous,EN,6,7,6,6,6,8,7,7,7,7,9,8,7,8,10,6,7,7,9,8,7,7,8,4,7,9,9,6,7,8,8,8,8,9,7,7,8,8,8,9,4,4,4,4,4,6,7,8,8,6
2020-11-07 12:56:04,2020-11-07 12:59:40,0,73.98.247.3,100,215,1,2020-11-07 12:59:40.295,R_b2BEKCERhaSi945,40.75,-111.9208984375,anonymous,EN,4,4,4,4,4,5,5,5,6,5,6,6,5,6,6,5,6,5,6,6,7,5,6,5,6,7,6,6,5,6,5,6,6,6,6,9,8,8,8,8,5,5,5,4,5,5,5,5,5,5
2020-11-07 12:54:17,2020-11-07 13:00:09,0,73.79.166.153,100,352,1,2020-11-07 13:00:10.055,R_yDVeq1UCPAazBW9,40.07780456542969,-80.97879791259766,anonymous,EN,3,3,1,1,1,6,6,7,6,7,8,8,8,6,8,3,4,4,6,4,6,8,7,7,6,9,7,7,8,8,6,8,7,7,7,6,7,7,8,5,0,1,2,2,1,2,7,3,4,4
2020-11-07 12:56:03,2020-11-07 13:01:55,0,41.254.65.232,100,352,1,2020-11-07 13:01:56.046,R_vxF3KvTyk33HPtD,32.89079284667969,13.179595947265625,anonymous,EN,3,4,3,3,3,5,5,5,5,5,6,6,6,6,7,4,4,4,4,4,6,6,6,6,6,7,7,7,8,8,6,6,6,6,6,7,7,7,7,7,5,5,4,5,4,7,7,7,7,7
2020-11-07 13:04:04,2020-11-07 13:08:07,0,73.79.166.153,100,242,1,2020-11-07 13:08:07.581,R_1hXvi1N6zFT1X1C,40.07780456542969,-80.97879791259766,anonymous,EN,2,1,1,0,3,4,5,6,7,6,8,8,6,6,6,0,2,1,1,1,6,5,6,5,5,8,6,8,8,7,7,7,7,7,7,7,6,6,7,8,1,1,1,1,1,2,7,2,1,0
2020-11-07 13:03:33,2020-11-07 13:10:56,0,124.123.164.237,100,443,1,2020-11-07 13:10:56.871,R_puYtMPCLxXfhDcB,17.384002685546875,78.45639038085938,anonymous,EN,3,3,3,3,4,3,3,3,3,3,6,6,6,6,6,6,6,6,6,6,3,4,4,4,3,6,6,6,6,6,6,6,6,7,6,6,6,6,6,6,1,2,1,1,1,6,6,6,6,6
2020-11-07 13:09:41,2020-11-07 13:13:41,0,115.98.151.202,100,239,1,2020-11-07 13:13:41.346,R_1gj77VaFi0HHdBF,17.38409423828125,78.45639038085938,anonymous,EN,4,4,4,4,3,4,4,4,4,4,8,8,8,8,8,6,6,6,6,6,3,3,3,3,3,7,7,7,7,7,6,6,6,6,6,7,7,7,7,6,4,4,3,4,3,4,4,4,4,4
2020-11-07 13:08:36,2020-11-07 13:13:57,0,72.182.198.99,100,320,1,2020-11-07 13:13:57.532,R_3ee2XbgPdNiZzi3,32.848907470703125,-96.9666976928711,anonymous,EN,5,5,5,5,5,5,5,5,5,5,6,6,6,6,6,6,6,6,6,6,6,6,6,5,6,6,6,6,6,6,6,6,6,6,6,6,6,6,6,6,5,5,5,5,5,7,7,7,7,7
2020-11-07 13:10:23,2020-11-07 13:14:02,0,12.129.64.197,100,219,1,2020-11-07 13:14:02.901,R_3pi3HrRKTnD4YiL,37.751007080078125,-97.8219985961914,anonymous,EN,4,5,4,4,5,5,6,5,6,5,7,8,7,7,8,7,7,7,7,6,5,6,5,5,5,7,8,8,8,8,7,7,7,7,7,8,8,8,8,7,6,5,5,6,6,8,7,7,8,8
2020-11-07 13:16:38,2020-11-07 13:20:50,0,24.181.96.39,100,251,1,2020-11-07 13:20:50.810,R_3elTZU73GZbrPCw,34.548492431640625,-87.00360107421875,anonymous,EN,4,4,3,4,4,6,6,7,7,7,6,6,7,6,7,4,4,4,4,4,6,6,6,6,6,8,8,9,9,9,6,7,7,8,7,9,9,9,8,9,4,4,4,6,6,7,7,7,6,7
2020-11-07 13:18:18,2020-11-07 13:21:41,0,99.135.157.46,100,203,1,2020-11-07 13:21:42.269,R_3JLwtnT7JfaRzJD,41.83790588378906,-88.08419799804688,anonymous,EN,2,2,3,3,2,8,7,7,7,7,6,5,5,4,3,4,3,4,3,4,5,4,5,5,5,5,6,7,7,7,5,7,7,6,6,6,6,7,6,7,4,5,4,4,4,5,4,4,3,3
2020-11-07 13:16:13,2020-11-07 13:22:07,0,67.1.115.243,100,354,1,2020-11-07 13:22:07.622,R_Rh5tPUpBwlP7XMd,32.24479675292969,-111.02140045166016,anonymous,EN,3,3,3,3,3,5,5,5,5,5,6,6,6,6,6,4,4,4,4,4,6,6,6,6,6,8,8,8,8,8,7,7,7,7,7,8,8,8,8,8,5,5,5,5,6,6,6,6,6,6
2020-11-07 13:18:52,2020-11-07 13:22:26,0,159.250.48.144,100,214,1,2020-11-07 13:22:26.835,R_VPFa5GAXBIclwLT,40.068695068359375,-79.7677001953125,anonymous,EN,0,0,0,0,0,6,6,6,6,6,1,1,1,1,1,1,1,1,1,1,5,5,5,5,4,6,6,6,6,6,4,5,5,5,5,6,6,6,6,6,1,1,0,1,1,6,6,6,6,6
2020-11-07 13:17:29,2020-11-07 13:24:43,0,89.205.124.28,100,433,1,2020-11-07 13:24:43.878,R_1lxz1hp3NTLxFBU,41.99729919433594,21.4324951171875,anonymous,EN,2,2,2,2,2,2,2,2,2,2,3,3,3,3,3,4,4,5,4,4,5,5,5,5,5,7,7,7,7,7,6,6,4,6,6,5,6,5,5,5,3,3,3,2,3,7,7,7,7,7
2020-11-07 13:22:59,2020-11-07 13:27:22,0,174.97.184.89,100,263,1,2020-11-07 13:27:22.850,R_2eb4DyDxt9CVeMm,44.48199462890625,-88.01850128173828,anonymous,EN,5,5,5,5,5,8,8,8,8,8,6,6,6,6,6,6,6,6,6,6,6,6,6,6,6,8,8,8,8,8,7,7,7,7,7,7,7,7,7,7,7,7,7,7,7,6,6,6,6,6
2020-11-07 13:21:59,2020-11-07 13:28:15,0,148.74.67.218,100,375,1,2020-11-07 13:28:15.830,R_3IVK2IuwRrQAvJE,40.697296142578125,-73.32710266113281,anonymous,EN,5,5,6,5,5,5,5,5,6,5,5,5,5,6,5,6,7,7,7,7,4,4,5,5,5,7,6,6,6,6,6,8,7,8,7,9,9,9,9,9,4,4,5,5,3,6,7,7,7,7
2020-11-07 13:27:28,2020-11-07 13:30:56,0,47.149.21.163,100,207,1,2020-11-07 13:30:56.542,R_31MLfXiETYAYdhj,34.042999267578125,-117.75559997558594,anonymous,EN,3,3,3,3,3,5,5,5,5,5,5,5,5,5,5,3,3,3,3,3,6,6,5,6,5,8,8,8,7,8,7,6,6,7,6,8,8,8,8,8,6,5,6,5,5,6,6,6,6,6
2020-11-07 13:27:49,2020-11-07 13:34:13,0,172.58.23.218,100,383,1,2020-11-07 13:34:13.385,R_2S0GluDmgagy5K5,33.74989318847656,-117.9071044921875,anonymous,EN,4,4,4,3,4,6,6,6,6,6,5,5,5,5,4,4,4,4,4,4,6,6,6,6,6,7,7,7,8,7,7,7,7,7,7,7,7,7,7,7,4,4,4,4,4,8,8,8,8,8
2020-11-07 13:27:48,2020-11-07 13:37:09,0,47.134.82.194,100,561,1,2020-11-07 13:37:10.154,R_31AdWRY0qgJQrrK,36.73280334472656,-76.58979797363281,anonymous,EN,7,7,7,7,7,8,8,8,8,8,7,8,8,8,8,8,8,8,8,8,8,8,8,8,8,8,8,8,8,8,8,8,8,8,8,8,8,8,8,8,8,8,8,8,8,8,8,8,8,8
2020-11-07 13:35:10,2020-11-07 13:41:24,0,24.209.234.11,100,373,1,2020-11-07 13:41:24.371,R_2q8n4egKIfYwkdz,39.11909484863281,-84.3489990234375,anonymous,EN,7,7,7,7,7,8,7,7,8,8,8,8,8,8,8,7,7,7,7,7,8,8,8,7,8,9,9,9,9,9,9,9,9,9,9,10,10,10,10,10,8,8,8,8,8,9,8,9,9,9
2020-11-07 13:43:17,2020-11-07 13:49:55,0,96.37.37.113,100,398,1,2020-11-07 13:49:55.897,R_3irHBK1FIwVabi0,34.829498291015625,-82.5811996459961,anonymous,EN,3,5,2,2,5,5,6,4,6,4,8,7,7,7,8,6,7,6,5,7,3,3,3,4,3,8,8,8,8,9,8,8,7,7,8,6,8,6,6,7,7,8,6,7,7,6,7,7,6,7
2020-11-07 13:49:04,2020-11-07 13:53:16,0,24.167.160.145,100,252,1,2020-11-07 13:53:16.576,R_2QoEIbge9KvAsxu,36.032196044921875,-79.85880279541016,anonymous,EN,6,6,6,6,5,7,7,7,7,7,8,8,7,7,7,7,7,7,7,7,7,7,7,7,6,8,8,8,9,9,8,8,8,8,8,9,9,9,8,8,6,6,6,6,6,7,7,7,7,7
2020-11-07 13:49:21,2020-11-07 13:55:26,0,50.49.107.188,100,365,1,2020-11-07 13:55:27.170,R_2Wx8URr2aIQ5xIs,43.11399841308594,-77.56890106201172,anonymous,EN,3,3,3,3,3,5,5,5,6,5,4,4,4,4,4,5,5,5,5,5,5,5,5,5,5,5,5,5,5,5,5,5,5,5,5,5,5,5,5,5,3,3,3,3,3,6,5,6,6,6
2020-11-07 13:47:29,2020-11-07 13:59:41,0,184.17.80.15,100,731,1,2020-11-07 13:59:41.757,R_8IfUzknevNAfwPL,41.05369567871094,-85.25129699707031,anonymous,EN,6,6,5,6,6,5,5,5,5,5,6,6,6,6,6,6,6,6,6,6,5,5,6,5,6,7,7,8,7,7,7,6,6,6,7,7,7,7,7,7,7,6,7,6,7,6,6,6,6,6
2020-11-07 13:59:54,2020-11-07 14:03:56,0,173.187.71.2,100,242,1,2020-11-07 14:03:56.802,R_scmnRZYwFYRXD2x,31.4971923828125,-95.4447021484375,anonymous,EN,1,1,2,1,1,3,4,4,4,4,6,7,7,7,7,5,4,5,5,5,3,3,3,3,3,4,6,6,6,6,3,2,3,3,4,4,6,6,6,6,2,4,3,4,3,4,4,5,4,4
2020-11-07 14:01:43,2020-11-07 14:07:51,0,71.190.16.31,100,367,1,2020-11-07 14:07:52.218,R_TiU1JQwXEeoWcQV,40.68009948730469,-73.92070007324219,anonymous,EN,0,0,1,0,1,1,1,1,1,1,1,4,4,4,4,3,3,3,3,2,6,5,3,4,5,6,6,8,8,7,3,3,4,3,4,6,6,6,6,4,2,0,0,1,2,6,6,5,6,6
2020-11-07 14:21:01,2020-11-07 14:27:24,0,73.189.103.206,100,382,1,2020-11-07 14:27:24.556,R_bIykA5SUzkjHSLv,37.47749328613281,-122.45050048828125,anonymous,EN,6,6,6,6,6,0,0,0,0,0,6,6,6,6,6,0,0,0,0,0,0,0,0,0,0,8,8,8,8,8,8,8,8,8,8,8,8,8,8,8,6,6,6,6,7,0,0,0,0,0
2020-11-07 14:26:56,2020-11-07 14:40:35,0,109.78.161.139,100,818,1,2020-11-07 14:40:35.713,R_3W60lBaBp90Z7Q5,53.333099365234375,-6.2489013671875,anonymous,EN,2,3,2,2,2,2,2,3,3,4,5,5,5,5,5,2,3,2,2,2,2,2,2,2,2,6,6,6,6,6,4,4,4,5,4,5,5,4,4,4,4,4,4,4,4,3,3,3,3,2
2020-11-07 14:39:24,2020-11-07 14:42:18,0,68.55.94.91,100,173,1,2020-11-07 14:42:18.600,R_28V3JBaap7MpPFL,42.65629577636719,-83.12310028076172,anonymous,EN,3,3,3,3,3,5,5,5,5,5,4,5,3,3,4,4,5,4,4,4,4,4,4,5,4,8,8,8,8,8,6,6,6,6,6,5,4,5,5,4,6,6,6,6,5,4,4,4,5,4
2020-11-07 14:42:12,2020-11-07 14:46:48,0,35.136.195.181,100,275,1,2020-11-07 14:46:49.007,R_Z1VEy18JCxSLzxv,28.92840576171875,-82.49210357666016,anonymous,EN,4,4,4,4,5,5,5,5,5,5,6,6,6,6,6,3,3,3,3,4,3,3,3,3,3,8,7,8,8,8,7,7,7,6,7,7,7,7,7,7,5,5,5,5,5,5,5,5,5,5
2020-11-07 14:43:24,2020-11-07 14:47:34,0,49.206.170.253,100,250,1,2020-11-07 14:47:34.599,R_skbR6252mzmP4el,28.651901245117188,77.23150634765625,anonymous,EN,4,4,4,6,4,4,9,4,7,4,9,7,7,6,3,6,3,6,5,3,4,4,8,4,4,8,8,8,10,8,9,7,9,9,8,7,10,7,7,7,4,7,7,4,5,6,4,9,7,6
2020-11-07 14:47:07,2020-11-07 14:50:49,0,67.188.112.154,100,221,1,2020-11-07 14:50:49.575,R_2zceOqgRv3EQZDG,37.385894775390625,-122.08819580078125,anonymous,EN,3,4,4,4,4,6,7,6,7,5,7,6,6,6,6,4,4,4,4,4,5,4,5,5,4,4,4,5,6,6,7,8,8,7,7,7,6,6,6,6,4,4,5,4,4,6,6,6,6,6
2020-11-07 15:26:45,2020-11-07 15:30:39,0,174.78.104.114,100,234,1,2020-11-07 15:30:39.907,R_SN6v7jb7g8wJLeV,29.613800048828125,-82.38600158691406,anonymous,EN,2,2,2,2,2,4,4,4,4,4,5,5,5,5,5,4,4,5,5,5,7,7,7,7,7,8,8,8,8,8,6,5,6,6,6,7,7,7,7,6,6,6,6,6,6,8,8,8,8,8
2020-11-07 15:40:07,2020-11-07 15:49:42,0,104.4.233.225,100,575,1,2020-11-07 15:49:42.504,R_2xJ0AJWmv3horIo,33.91679382324219,-118.34320068359375,anonymous,EN,1,1,1,1,1,3,3,3,3,3,4,5,4,4,4,4,4,4,4,4,3,4,4,3,4,5,5,5,5,5,5,5,5,5,5,6,6,6,6,6,2,2,2,2,2,6,6,6,6,6
2020-11-07 16:03:49,2020-11-07 16:10:21,0,192.241.176.211,100,391,1,2020-11-07 16:10:21.473,R_2A1kjqaBoM9T0jA,40.730804443359375,-73.99749755859375,anonymous,EN,2,1,1,1,1,6,6,6,6,5,7,7,8,7,8,7,8,9,9,8,1,2,2,2,1,5,5,5,5,6,8,7,7,7,8,9,9,9,9,8,7,7,4,7,4,9,9,9,9,9
2020-11-07 16:09:29,2020-11-07 16:13:30,0,135.180.77.107,100,240,1,2020-11-07 16:13:30.680,R_3qPD7RQeGqpb4l4,37.756195068359375,-122.48660278320312,anonymous,EN,2,2,3,2,2,3,3,3,4,4,6,6,6,6,6,5,5,6,5,5,3,3,4,4,4,6,6,7,7,7,8,8,8,8,8,8,9,9,8,9,7,6,6,6,6,5,5,5,5,5
2020-11-07 16:13:11,2020-11-07 16:18:00,0,73.121.1.84,100,289,1,2020-11-07 16:18:01.012,R_2YWhyjSik70t7OX,36.25669860839844,-83.19139862060547,anonymous,EN,4,5,5,5,5,5,5,4,4,5,6,6,6,6,6,6,6,6,6,6,4,4,4,4,4,8,8,8,8,7,7,7,7,6,7,6,6,7,8,7,6,4,4,4,4,7,7,6,7,6
2020-11-07 16:04:39,2020-11-07 16:21:49,0,143.59.122.10,100,1029,1,2020-11-07 16:21:50.223,R_1DVePuWrgWkfsi0,40.053497314453125,-83.0186996459961,anonymous,EN,4,4,4,5,4,5,4,4,4,5,6,6,7,6,5,6,6,7,7,8,4,6,4,4,5,6,4,8,8,8,7,7,7,7,8,8,8,8,8,8,6,6,6,6,8,4,6,4,4,7
2020-11-07 16:43:26,2020-11-07 16:46:34,0,71.204.55.74,100,187,1,2020-11-07 16:46:34.913,R_3MM5sXfL02RTMeX,33.93809509277344,-84.46330261230469,anonymous,EN,2,2,2,3,2,4,5,5,5,5,4,3,3,3,3,4,4,4,4,3,4,4,4,4,4,9,9,9,9,9,6,6,7,6,6,7,7,7,7,5,2,2,2,2,2,7,7,7,7,7
2020-11-07 17:12:11,2020-11-07 17:17:06,0,173.88.8.208,100,295,1,2020-11-07 17:17:06.823,R_3O0sRoJ3WHh0xK0,40.74159240722656,-84.1521987915039,anonymous,EN,2,2,1,2,2,7,7,8,8,7,5,5,5,5,5,2,2,2,2,2,4,6,4,6,6,8,8,8,8,8,7,7,6,7,7,8,8,8,8,8,2,2,2,2,1,3,6,6,8,6
2020-11-07 17:12:25,2020-11-07 17:19:27,0,76.86.237.127,100,421,1,2020-11-07 17:19:28.031,R_2rkdQoT01t9LUQM,34.12109375,-117.43620300292969,anonymous,EN,5,4,4,5,5,6,6,6,6,6,7,7,8,7,7,7,7,7,7,7,5,5,5,5,5,7,7,7,7,7,7,7,7,7,7,5,7,7,7,7,8,7,6,7,7,7,7,7,6,6
2020-11-07 17:24:12,2020-11-07 17:30:54,0,157.51.146.75,100,401,1,2020-11-07 17:30:54.421,R_1NxeQY4RnVPsFzt,13.087799072265625,80.27850341796875,anonymous,EN,5,5,5,5,4,5,4,5,5,6,4,5,5,4,4,5,5,4,5,4,6,6,6,6,6,7,7,8,7,7,8,8,8,8,8,6,6,5,6,5,5,5,4,4,4,8,8,8,8,8
2020-11-07 17:49:17,2020-11-07 17:56:40,0,157.49.242.29,100,443,1,2020-11-07 17:56:40.915,R_SDAr3F8TdGONB3b,13.087799072265625,80.27850341796875,anonymous,EN,3,3,3,3,3,3,3,3,3,3,6,6,6,6,6,3,3,3,3,3,3,3,3,3,3,5,5,5,5,5,5,6,5,5,5,4,5,5,4,5,3,3,3,3,3,4,4,4,5,5
2020-11-07 18:00:52,2020-11-07 18:16:22,0,157.49.234.45,100,929,1,2020-11-07 18:16:22.464,R_1DTCPYX0q21zOOY,13.087799072265625,80.27850341796875,anonymous,EN,7,8,7,7,7,3,7,7,7,6,9,8,6,6,4,6,3,5,2,2,7,5,5,6,7,10,9,10,10,10,10,9,8,8,8,10,9,9,9,7,7,5,6,5,2,8,8,7,7,7
2020-11-07 18:14:40,2020-11-07 18:19:09,0,24.158.191.7,100,269,1,2020-11-07 18:19:10.090,R_3vCOwQJONyWofT3,34.75689697265625,-84.79350280761719,anonymous,EN,2,1,4,3,3,5,5,5,5,4,4,3,2,3,2,3,3,3,2,5,3,3,3,3,2,7,6,7,6,6,6,7,6,6,6,8,8,8,8,7,2,1,1,1,1,7,4,3,3,5
2020-11-07 18:12:42,2020-11-07 18:20:26,0,157.49.232.211,100,463,1,2020-11-07 18:20:26.670,R_w7Wr7HSLS4leHe1,13.087799072265625,80.27850341796875,anonymous,EN,7,7,6,7,6,4,4,4,6,4,8,7,7,7,8,4,3,3,3,4,7,7,7,7,7,7,7,8,7,7,8,8,8,8,8,6,4,4,4,4,3,3,3,3,3,7,7,8,8,8
2020-11-07 18:22:55,2020-11-07 18:29:02,0,117.248.37.108,100,367,1,2020-11-07 18:29:03.103,R_1OrXQdbiNhuwN5s,10.802902221679688,78.69879150390625,anonymous,EN,2,4,4,2,5,3,4,4,4,4,6,5,4,4,5,4,4,4,4,3,3,2,3,4,2,6,6,9,8,9,7,9,6,7,8,9,9,9,6,8,2,1,1,0,0,5,4,5,5,4
2020-11-07 18:26:09,2020-11-07 18:33:16,0,67.249.189.129,100,427,1,2020-11-07 18:33:17.132,R_3J7MmsEBfOQmyxO,43.03070068359375,-74.98760223388672,anonymous,EN,5,4,5,4,4,7,7,7,7,6,6,6,4,6,4,8,8,7,7,8,7,7,8,7,7,7,7,7,7,7,7,8,7,7,7,8,8,8,8,6,5,6,6,5,4,8,9,8,9,9
2020-11-07 18:28:48,2020-11-07 18:34:52,0,106.220.204.155,100,364,1,2020-11-07 18:34:53.089,R_1EYw2BoFII757vE,18.519607543945312,73.85539245605469,anonymous,EN,7,6,6,7,6,7,7,7,7,7,8,8,8,8,8,7,7,7,7,7,6,5,6,5,6,7,7,7,7,8,8,8,8,8,9,8,8,9,8,9,7,7,5,5,6,8,8,8,8,9
2020-11-07 18:33:22,2020-11-07 18:37:50,0,166.182.252.227,100,267,1,2020-11-07 18:37:50.583,R_YXjITzAy2joMhcB,43.03959655761719,-87.91059875488281,anonymous,EN,3,4,4,4,3,5,4,4,4,5,4,4,4,4,3,4,4,4,4,4,4,4,4,5,4,6,6,6,7,5,6,5,6,6,5,9,9,9,9,9,4,3,4,4,3,5,6,6,6,6
2020-11-07 18:29:48,2020-11-07 18:41:26,0,42.109.132.61,100,697,1,2020-11-07 18:41:26.465,R_21081T45d410UWA,13.087799072265625,80.27850341796875,anonymous,EN,4,4,4,4,4,6,6,6,6,6,8,7,7,7,8,4,4,4,6,4,6,6,6,6,6,4,6,4,4,4,7,8,7,8,7,8,8,8,7,8,4,4,6,4,4,7,8,7,7,7
2020-11-07 18:45:15,2020-11-07 18:49:00,0,76.227.12.50,100,224,1,2020-11-07 18:49:00.460,R_1jTZuKTA7W0XSx3,42.112396240234375,-87.97899627685547,anonymous,EN,1,1,0,0,0,3,3,3,3,3,3,3,4,3,3,1,0,1,0,1,0,0,0,0,0,6,6,6,6,6,2,3,3,2,2,3,5,5,5,5,3,3,2,3,3,1,1,3,2,1
2020-11-07 18:34:39,2020-11-07 18:49:28,0,106.200.36.132,100,888,1,2020-11-07 18:49:28.494,R_1M0TPxSLG7vP0kF,11.248001098632812,75.7803955078125,anonymous,EN,6,5,5,4,5,6,6,6,6,7,6,6,6,6,5,5,6,5,6,6,7,7,7,7,7,8,8,8,8,8,6,6,7,7,6,4,4,4,4,4,6,5,4,4,4,8,7,7,6,6
2020-11-07 18:46:25,2020-11-07 18:51:34,0,24.185.179.148,100,309,1,2020-11-07 18:51:35.291,R_29jsaNdc4OgSHPp,41.22920227050781,-74.59919738769531,anonymous,EN,2,2,2,2,2,4,4,4,4,4,6,6,6,6,6,2,2,2,2,3,3,3,3,3,3,8,8,8,8,8,6,6,6,6,6,8,8,8,8,8,5,5,5,5,5,7,5,4,4,4
2020-11-07 19:04:19,2020-11-07 19:09:23,0,68.131.85.209,100,304,1,2020-11-07 19:09:24.199,R_2aK3xQPKOWKQo3p,36.76460266113281,-76.3407974243164,anonymous,EN,3,3,3,2,3,4,4,4,4,4,8,7,9,8,7,3,3,2,2,4,4,4,4,4,4,9,7,9,10,8,7,7,7,7,7,7,8,8,9,9,8,7,6,6,7,5,7,7,7,6
2020-11-07 19:04:14,2020-11-07 19:14:08,0,49.37.162.185,100,593,1,2020-11-07 19:14:08.404,R_2wEuh1SBXEOgGt4,12.971893310546875,77.59368896484375,anonymous,EN,4,3,4,3,3,3,4,4,4,4,3,4,3,3,3,1,0,1,1,0,3,4,4,3,4,6,6,8,7,6,7,8,8,7,7,6,8,8,8,7,2,2,3,2,2,7,8,8,8,6
2020-11-07 19:22:30,2020-11-07 19:26:34,0,49.204.128.189,100,243,1,2020-11-07 19:26:34.628,R_2qeAbbCc310vLxU,11.0054931640625,76.96609497070312,anonymous,EN,4,4,4,4,4,7,7,7,7,7,8,8,8,8,8,6,6,6,6,6,6,6,6,6,6,7,7,8,7,7,7,7,7,7,7,6,6,6,6,6,6,6,6,6,6,2,2,2,2,2
2020-11-07 19:44:36,2020-11-07 19:49:31,0,223.181.215.9,100,294,1,2020-11-07 19:49:31.757,R_3kcx1170eiJ07SN,11.0054931640625,76.96609497070312,anonymous,EN,8,7,6,6,6,8,8,8,7,4,6,6,7,6,5,7,9,8,9,7,9,6,6,6,6,7,8,9,9,7,9,9,8,9,7,7,7,4,4,3,3,4,4,4,2,7,9,9,8,7
2020-11-07 20:10:00,2020-11-07 20:12:41,0,216.164.112.118,100,161,1,2020-11-07 20:12:42.212,R_2rADgRz7w55SPO9,40.69859313964844,-75.4833984375,anonymous,EN,2,2,2,2,2,2,2,2,2,2,4,6,6,4,4,4,4,4,3,3,3,3,3,3,3,9,9,8,9,9,8,8,8,8,7,8,8,8,8,8,4,3,3,4,4,6,6,6,6,6
2020-11-07 20:09:37,2020-11-07 20:13:18,0,173.28.238.176,100,221,1,2020-11-07 20:13:19.185,R_tDwQLTGAvkF6k6d,32.478302001953125,-84.89849853515625,anonymous,EN,5,5,5,5,5,5,5,5,5,5,5,5,5,5,5,5,5,5,5,5,5,5,5,5,5,5,5,5,5,5,5,5,5,5,5,5,5,5,5,5,5,5,5,5,5,5,5,5,5,5
2020-11-07 20:16:59,2020-11-07 20:24:10,0,43.229.89.39,100,431,1,2020-11-07 20:24:11.202,R_PZnMGRSGEWMpA7T,9.958694458007812,76.29818725585938,anonymous,EN,5,6,6,6,6,6,6,7,7,8,7,6,7,7,7,7,8,8,8,8,8,8,8,8,8,7,8,9,8,8,7,8,9,8,8,7,7,8,8,7,6,6,6,6,7,7,9,9,9,9
2020-11-07 20:11:48,2020-11-07 20:26:33,0,69.131.227.189,100,885,1,2020-11-07 20:26:33.923,R_3r2uK7UYir0FMca,46.51310729980469,-122.47889709472656,anonymous,EN,5,4,4,4,5,8,8,8,8,8,8,8,8,8,8,5,5,5,5,5,8,8,8,8,8,8,8,8,8,8,7,7,7,7,6,8,7,7,7,7,6,5,6,6,6,6,6,6,5,7
2020-11-07 20:25:00,2020-11-07 20:29:51,0,24.59.126.37,100,291,1,2020-11-07 20:29:52.061,R_24jI99PqD4uiZ1X,43.150299072265625,-77.58809661865234,anonymous,EN,3,3,3,3,3,6,5,5,5,5,6,6,6,6,6,5,5,5,5,5,5,5,5,5,5,7,7,6,7,7,8,8,8,8,8,6,7,6,8,6,4,4,4,4,4,5,5,5,5,5
2020-11-07 20:36:19,2020-11-07 20:41:24,0,59.99.210.13,100,304,1,2020-11-07 20:41:24.349,R_1JY3QhHzxFxjXTz,11.0054931640625,76.96609497070312,anonymous,EN,3,2,4,3,4,3,3,3,6,4,5,6,3,3,4,2,2,2,2,3,3,4,3,3,3,4,4,5,4,4,3,4,5,3,4,6,7,8,7,8,4,3,3,4,4,3,5,5,5,5
2020-11-07 20:35:34,2020-11-07 20:44:49,0,117.196.80.15,100,555,1,2020-11-07 20:44:49.652,R_10wIbmnmRnaHB7E,23.027603149414062,72.58709716796875,anonymous,EN,4,4,4,4,4,7,7,7,7,7,5,5,5,5,5,7,7,8,7,7,8,8,8,9,8,10,10,10,10,10,7,7,7,7,7,5,5,5,6,5,6,6,6,6,6,7,7,7,7,7
2020-11-07 21:03:11,2020-11-07 21:09:29,0,116.88.89.136,100,377,1,2020-11-07 21:09:29.310,R_2uUJ1IoYdqgm7LL,1.2928924560546875,103.85470581054688,anonymous,EN,4,5,4,5,5,6,6,6,6,6,3,4,4,3,3,5,5,6,5,5,5,5,6,6,6,7,7,7,7,7,7,7,7,7,7,6,6,6,6,6,4,5,4,5,5,4,4,5,5,5
2020-11-07 21:10:44,2020-11-07 21:14:56,0,122.174.169.73,100,252,1,2020-11-07 21:14:56.961,R_2eUUJ6Y8iJFpVcT,13.087799072265625,80.27850341796875,anonymous,EN,7,7,7,7,7,5,5,5,5,5,8,7,7,7,7,3,3,3,3,3,7,7,7,8,7,8,9,8,8,8,7,7,7,7,7,6,6,6,6,6,3,3,3,3,3,5,7,7,8,7
2020-11-07 21:11:42,2020-11-07 21:19:44,0,77.111.246.39,100,482,1,2020-11-07 21:19:44.424,R_3Nx4wazNxzmpCXj,37.751007080078125,-97.8219985961914,anonymous,EN,3,3,3,3,3,7,5,6,6,6,6,6,6,6,6,6,6,6,6,6,5,5,5,5,5,9,9,9,9,9,7,7,7,8,7,4,6,7,7,7,5,5,5,5,5,4,4,4,4,4
2020-11-07 21:17:26,2020-11-07 21:22:56,0,157.51.57.7,100,330,1,2020-11-07 21:22:57.069,R_1M67dAaquGs2txE,13.087799072265625,80.27850341796875,anonymous,EN,5,5,5,5,6,5,6,5,5,5,5,6,6,5,5,5,5,6,6,5,6,6,6,6,6,6,8,7,7,6,7,8,8,8,7,7,7,7,7,7,6,5,6,6,5,7,7,7,7,7
2020-11-07 21:27:31,2020-11-07 21:32:11,0,75.135.204.101,100,279,1,2020-11-07 21:32:11.349,R_3RwN8tErrzPRJRA,40.712799072265625,-99.07830047607422,anonymous,EN,3,3,3,3,3,7,6,5,7,7,5,5,5,5,5,6,6,6,6,6,3,3,3,4,4,9,9,9,9,9,7,7,7,7,6,8,8,8,8,8,4,4,4,4,4,8,8,8,8,8
2020-11-07 21:41:32,2020-11-07 21:46:45,0,37.40.138.34,100,312,1,2020-11-07 21:46:45.397,R_bJeY2JQMELuR8gp,23.618194580078125,58.59449768066406,anonymous,EN,4,4,4,4,4,5,5,5,5,5,5,5,5,5,5,5,5,5,5,5,5,5,5,5,5,5,5,5,5,5,6,6,5,5,5,6,6,6,6,6,4,4,4,4,4,7,7,7,7,7
2020-11-07 21:45:42,2020-11-07 21:55:16,0,106.212.225.66,100,574,1,2020-11-07 21:55:17.040,R_BrZAgMRGL5wTzep,17.38409423828125,78.45639038085938,anonymous,EN,6,6,5,5,5,7,6,6,5,6,5,5,5,4,4,6,6,5,5,5,6,6,6,6,6,8,8,7,8,8,7,8,7,7,6,8,8,8,8,7,4,3,3,4,3,7,7,7,6,6
2020-11-07 21:38:57,2020-11-07 22:04:31,0,42.109.139.89,100,1533,1,2020-11-07 22:04:31.658,R_PG0vQCbcG9Pia1b,13.087799072265625,80.27850341796875,anonymous,EN,3,4,4,4,4,3,3,4,4,3,6,4,6,4,6,7,4,4,4,4,6,6,5,4,4,7,5,5,5,5,6,6,5,6,6,5,6,6,5,6,4,4,4,4,5,5,6,5,7,4
2020-11-07 22:01:42,2020-11-07 22:06:32,0,117.241.14.203,100,289,1,2020-11-07 22:06:32.618,R_1cXOb0qdW3HLEvs,9.449996948242188,77.92001342773438,anonymous,EN,4,4,4,4,4,6,6,6,6,6,4,4,6,4,4,6,6,6,6,6,6,6,6,7,6,9,9,8,9,10,9,9,9,9,10,9,9,9,9,9,2,1,2,2,2,10,10,10,10,10
2020-11-07 22:37:53,2020-11-07 22:42:51,0,206.45.175.90,100,298,1,2020-11-07 22:42:51.916,R_1DomSZIkMCSHIMj,49.52909851074219,-96.6852035522461,anonymous,EN,5,5,5,6,6,5,5,5,5,5,6,7,7,7,6,7,7,7,7,7,5,5,5,5,5,8,7,7,8,7,8,7,7,8,7,9,9,9,9,9,6,6,6,6,6,7,7,7,7,7
2020-11-07 22:39:11,2020-11-07 22:43:17,0,103.78.159.99,100,245,1,2020-11-07 22:43:17.266,R_2COH9CWEfglulYX,8.179000854492188,77.43231201171875,anonymous,EN,2,3,2,2,2,6,6,6,6,6,6,6,6,6,6,4,4,4,4,4,2,2,2,2,2,6,4,5,7,6,8,8,8,8,7,7,8,8,8,7,4,4,5,5,4,2,3,3,3,3
2020-11-07 22:38:20,2020-11-07 22:44:50,0,103.104.49.144,100,389,1,2020-11-07 22:44:50.307,R_2UVDLlp7bTh1A2C,8.179000854492188,77.43231201171875,anonymous,EN,4,4,6,5,5,6,6,6,6,6,6,7,7,7,7,5,6,7,5,5,7,7,7,7,7,7,7,7,7,7,7,7,7,7,6,6,6,6,6,6,2,2,4,3,3,7,7,7,7,7
2020-11-07 22:58:06,2020-11-07 23:01:41,0,76.93.168.189,100,214,1,2020-11-07 23:01:41.376,R_3KGxIBpPix6KLKA,33.0924072265625,-117.26240539550781,anonymous,EN,3,3,3,3,3,6,6,6,6,6,6,6,6,6,6,6,6,6,6,6,5,5,5,5,5,6,6,6,6,6,7,7,7,7,7,7,7,7,7,7,5,5,5,5,5,8,8,8,8,8
2020-11-07 22:58:58,2020-11-07 23:02:24,0,104.63.94.49,100,205,1,2020-11-07 23:02:24.677,R_6SGbMTd6Y8sohK9,42.615997314453125,-83.92500305175781,anonymous,EN,2,2,2,2,2,6,6,6,6,6,4,4,3,4,3,2,2,2,2,2,4,4,4,4,4,5,5,4,5,5,5,4,4,3,3,5,4,5,4,4,3,2,2,2,2,5,5,5,5,5
2020-11-07 23:24:19,2020-11-07 23:29:13,0,70.188.96.144,100,294,1,2020-11-07 23:29:14.264,R_tRS8Kwt3GWfjBEl,30.024505615234375,-91.74960327148438,anonymous,EN,5,5,6,4,5,4,4,7,5,6,5,7,8,6,6,6,6,5,6,6,3,5,7,7,7,7,6,8,8,7,7,7,8,8,8,6,6,7,7,6,5,5,2,6,7,6,7,7,7,7
2020-11-07 23:52:13,2020-11-07 23:57:18,0,12.23.120.193,100,305,1,2020-11-07 23:57:18.937,R_vrFynzvPfscYnTz,41.349700927734375,-88.84149932861328,anonymous,EN,4,4,4,5,4,6,6,6,6,6,4,4,4,4,4,6,6,5,6,5,5,5,5,5,5,8,7,7,7,7,6,5,6,6,6,6,6,7,6,7,5,5,5,5,5,8,9,9,8,9
2020-11-08 00:23:39,2020-11-08 00:26:55,0,116.68.79.150,100,195,1,2020-11-08 00:26:55.958,R_3koYJvUFn5audEI,8.485504150390625,76.94918823242188,anonymous,EN,2,2,2,2,2,4,4,4,4,4,5,6,6,6,6,4,4,4,4,4,3,3,3,3,3,9,9,9,9,9,8,8,8,8,8,10,10,10,10,10,4,4,4,4,4,6,6,6,6,6
2020-11-08 00:49:44,2020-11-08 00:55:47,0,123.231.109.144,100,363,1,2020-11-08 00:55:47.969,R_3hFofcBv4PheTa6,6.93170166015625,79.84820556640625,anonymous,EN,2,2,2,2,2,4,4,4,4,4,3,3,3,5,3,2,2,2,2,2,4,4,5,4,5,7,7,6,7,6,7,6,6,6,6,7,7,7,6,7,2,2,2,2,2,6,6,6,6,6
2020-11-08 00:59:42,2020-11-08 01:09:40,0,73.99.90.150,100,598,1,2020-11-08 01:09:40.969,R_1H1qMz6KRsgM7Az,38.093597412109375,-78.56230163574219,anonymous,EN,4,4,4,4,4,4,4,4,4,4,8,8,8,8,8,6,6,6,6,6,4,4,4,4,4,6,6,6,6,6,7,8,7,4,7,10,10,10,10,10,4,4,4,4,4,7,6,6,6,5
2020-11-08 01:11:17,2020-11-08 01:15:39,0,23.125.192.243,100,262,1,2020-11-08 01:15:40.123,R_5ztfeh9vLSrPh2p,35.48750305175781,-80.98760223388672,anonymous,EN,4,5,5,4,5,7,7,7,7,7,7,7,7,7,7,6,5,5,5,5,5,5,5,5,5,8,8,8,8,7,6,8,7,7,8,6,6,6,6,6,4,4,3,4,4,7,8,7,8,7
2020-11-08 01:27:57,2020-11-08 01:36:33,0,103.217.234.193,100,516,1,2020-11-08 01:36:33.677,R_1mLEEwYHASgtEjJ,22.562606811523438,88.36300659179688,anonymous,EN,1,2,2,1,3,6,3,2,3,3,7,8,8,7,7,1,1,1,1,1,2,2,1,1,2,6,3,5,8,1,6,3,6,3,7,6,7,7,7,5,3,3,0,0,0,3,3,1,3,2
2020-11-08 02:11:34,2020-11-08 02:17:42,0,49.33.140.225,100,368,1,2020-11-08 02:17:43.004,R_1pLLiPNQRM9BfLH,19.074798583984375,72.88560485839844,anonymous,EN,4,4,3,4,6,4,4,3,4,4,8,7,8,8,7,4,5,4,4,5,6,6,6,6,6,10,10,10,10,10,8,6,8,8,8,9,9,8,7,7,4,3,4,4,4,4,4,4,4,4
2020-11-08 02:58:41,2020-11-08 03:05:12,0,74.96.236.145,100,390,1,2020-11-08 03:05:12.465,R_1hz1fGRspg8LGub,38.886505126953125,-77.09110260009766,anonymous,EN,4,2,4,3,3,6,3,6,6,7,6,6,6,6,6,6,7,2,3,3,6,6,6,4,4,6,8,8,7,7,4,6,6,7,7,8,8,7,6,6,3,4,8,3,6,8,7,8,7,6
2020-11-08 03:47:09,2020-11-08 03:51:41,0,73.149.134.147,100,272,1,2020-11-08 03:51:41.666,R_3F2LJHYDyeiBcsw,43.3656005859375,-72.34420013427734,anonymous,EN,6,6,6,6,6,4,4,5,4,4,6,7,6,6,6,7,6,7,7,7,5,6,6,6,4,9,8,7,8,7,8,8,8,8,7,8,9,10,9,8,5,4,5,4,4,6,5,7,6,6
2020-11-08 03:54:34,2020-11-08 03:57:50,0,76.217.241.48,100,195,1,2020-11-08 03:57:50.811,R_28B82jEt5svoBHI,39.735198974609375,-84.0864028930664,anonymous,EN,4,4,4,4,4,6,6,6,6,6,7,7,7,7,7,5,5,5,5,5,4,4,3,3,3,7,7,6,7,7,6,6,6,6,6,8,7,8,9,8,4,4,4,4,4,8,7,8,6,6
2020-11-08 03:55:09,2020-11-08 04:07:14,0,157.46.126.96,100,725,1,2020-11-08 04:07:15.147,R_WomAbFdYmkk5Ijf,13.087799072265625,80.27850341796875,anonymous,EN,9,4,4,4,4,7,9,7,9,8,10,10,10,9,9,8,7,7,6,4,4,6,9,6,10,10,9,9,10,10,10,9,9,8,9,9,9,10,6,9,6,4,3,6,6,6,6,6,7,7
2020-11-08 04:16:21,2020-11-08 04:20:16,0,24.187.115.38,100,234,1,2020-11-08 04:20:16.518,R_11jzqXyXF4f8SzT,40.8905029296875,-74.05039978027344,anonymous,EN,4,4,4,4,4,5,5,5,5,5,6,6,6,6,6,6,6,6,6,6,5,5,5,5,5,7,7,7,7,7,6,6,6,6,6,7,7,6,6,6,6,5,5,6,5,7,7,7,7,7
2020-11-08 04:17:47,2020-11-08 04:31:31,0,183.83.37.213,100,823,1,2020-11-08 04:31:31.464,R_1ovZ5xUjuVk7GSE,17.384002685546875,78.45639038085938,anonymous,EN,2,2,2,2,2,6,6,5,6,6,7,7,7,7,6,2,4,4,4,4,3,3,3,3,3,9,9,9,9,9,6,6,7,6,6,7,7,7,7,7,4,4,4,5,5,6,6,6,6,6
2020-11-08 06:28:39,2020-11-08 06:34:11,0,157.48.222.181,100,332,1,2020-11-08 06:34:12.208,R_2xyIR4jel60ZvFZ,17.38409423828125,78.45639038085938,anonymous,EN,2,2,2,2,2,5,5,6,6,6,4,4,4,4,4,4,4,5,5,5,4,3,4,3,3,4,4,5,5,5,5,5,6,6,5,4,5,5,5,5,2,2,2,2,2,4,5,6,5,5
2020-11-08 07:25:27,2020-11-08 07:33:20,0,96.32.30.254,100,472,1,2020-11-08 07:33:20.435,R_3fCvoRLScwBodN0,41.960205078125,-72.00399780273438,anonymous,EN,5,5,5,5,5,5,5,5,5,5,5,6,5,5,4,5,5,5,5,5,5,5,5,5,5,5,5,5,5,5,7,6,6,7,7,7,5,7,7,7,5,5,5,3,5,6,8,7,5,6
2020-11-08 07:28:19,2020-11-08 07:33:58,0,47.28.105.211,100,338,1,2020-11-08 07:33:58.416,R_28FN3saQfZf7yps,34.16070556640625,-118.22639465332031,anonymous,EN,2,2,1,1,1,3,3,3,4,4,2,3,3,3,3,4,4,4,4,4,4,4,4,4,3,5,4,5,5,5,6,7,6,6,6,6,6,7,6,6,2,2,3,2,4,3,4,4,3,3
2020-11-08 08:22:14,2020-11-08 08:28:24,0,157.46.123.197,100,369,1,2020-11-08 08:28:24.397,R_2Quoq7qRNyJqL8j,13.087799072265625,80.27850341796875,anonymous,EN,4,4,4,4,4,4,4,4,4,4,4,4,4,4,4,4,4,4,4,4,4,4,4,4,4,4,4,4,4,4,6,6,6,6,6,4,6,4,4,4,4,4,4,4,4,6,6,6,6,7
2020-11-08 08:28:49,2020-11-08 08:33:11,0,23.127.84.138,100,261,1,2020-11-08 08:33:11.524,R_ZqPXCTXh7EFIKhH,32.7637939453125,-117.06999969482422,anonymous,EN,5,5,5,5,5,5,5,5,6,5,7,7,7,7,10,7,7,7,7,7,7,6,6,6,6,8,8,8,8,8,9,9,9,9,9,9,9,9,9,9,6,7,6,6,6,8,8,8,8,8
2020-11-08 09:02:15,2020-11-08 09:12:51,0,69.109.249.160,100,635,1,2020-11-08 09:12:51.596,R_1OBqWyymWME7ZQt,38.94209289550781,-122.77769470214844,anonymous,EN,2,2,2,2,2,5,5,4,4,4,5,6,5,5,4,5,4,4,4,4,5,5,4,5,4,7,7,7,7,7,7,6,6,6,6,8,8,8,8,7,4,4,4,4,4,6,6,5,4,5
2020-11-08 09:28:29,2020-11-08 09:32:35,0,24.252.139.86,100,245,1,2020-11-08 09:32:35.446,R_2xS6BbvNAjelDRP,37.255706787109375,-79.981201171875,anonymous,EN,4,4,4,4,4,6,6,6,6,6,4,4,6,5,4,5,6,5,5,5,7,7,7,7,6,7,7,7,7,7,7,7,7,7,7,6,6,6,6,6,7,7,7,7,7,6,6,6,6,6
2020-11-08 09:53:01,2020-11-08 09:57:13,0,73.191.2.64,100,251,1,2020-11-08 09:57:13.931,R_2PwnqGczy1m6Q5x,38.40260314941406,-75.69629669189453,anonymous,EN,3,3,3,3,3,3,3,3,3,3,4,6,6,6,3,6,6,6,6,6,6,4,4,4,6,9,7,8,9,8,7,9,7,7,7,6,4,7,7,6,6,6,4,6,4,8,6,6,8,6
2020-11-08 10:36:25,2020-11-08 10:50:18,0,107.2.72.194,100,832,1,2020-11-08 10:50:19.125,R_3fepRqL2LB7LWVm,45.00010681152344,-93.09860229492188,anonymous,EN,3,3,3,3,3,6,6,6,6,6,6,7,6,6,6,6,6,5,5,6,7,6,7,6,6,8,8,7,8,7,7,8,8,7,7,7,7,7,7,7,4,4,3,4,4,7,7,7,7,7
2020-11-08 11:00:49,2020-11-08 11:08:19,0,162.221.30.93,100,449,1,2020-11-08 11:08:19.675,R_SVnZX9Yl9DmoDq9,36.47740173339844,-82.23619842529297,anonymous,EN,2,3,3,3,2,1,1,1,1,1,5,2,3,4,2,2,1,2,2,1,3,2,2,3,2,8,8,8,8,8,8,8,8,8,8,9,9,9,9,9,4,4,4,4,5,2,4,3,2,2
2020-11-08 11:10:56,2020-11-08 11:22:29,0,32.208.30.242,100,692,1,2020-11-08 11:22:29.370,R_agHzQA7pLilsLKx,41.27760314941406,-72.8115005493164,anonymous,EN,6,6,6,6,6,6,6,6,6,6,7,7,7,7,7,6,6,6,6,6,6,6,6,6,6,7,7,7,7,7,7,7,7,7,7,7,7,7,7,7,6,6,6,6,6,6,6,6,6,6
2020-11-08 11:38:50,2020-11-08 11:45:13,0,142.196.173.133,100,382,1,2020-11-08 11:45:13.332,R_1n7xaBAviaXcMEi,28.558807373046875,-81.34950256347656,anonymous,EN,5,5,5,5,5,8,6,6,7,7,6,6,6,6,7,7,7,6,6,6,7,9,8,8,8,9,8,9,9,9,5,5,6,6,6,9,8,10,8,8,5,5,5,5,4,6,6,6,6,6
2020-11-08 12:15:10,2020-11-08 12:19:51,0,68.64.118.38,100,280,1,2020-11-08 12:19:51.322,R_1I5CRfXrnRipvWy,37.28630065917969,-82.86920166015625,anonymous,EN,4,4,4,3,4,2,2,2,2,2,4,4,4,4,4,4,4,4,4,4,4,4,4,4,4,6,6,7,6,8,6,6,6,6,7,5,5,5,5,5,4,4,4,4,3,6,6,5,5,5
2020-11-08 13:11:54,2020-11-08 13:16:20,0,24.24.154.168,100,266,1,2020-11-08 13:16:21.231,R_vqcOACXKi4o8rIt,34.18670654296875,-118.38780212402344,anonymous,EN,3,5,3,4,3,7,7,7,7,7,8,8,8,8,7,7,7,7,7,7,4,3,3,3,4,8,9,8,8,8,7,7,7,7,7,9,9,9,9,9,7,7,7,7,7,8,8,8,8,8
2020-11-08 13:08:55,2020-11-08 13:16:35,0,98.148.74.247,100,459,1,2020-11-08 13:16:35.332,R_3wo6ldcmfE0KNdT,33.91679382324219,-118.34320068359375,anonymous,EN,5,5,5,5,5,0,0,0,0,0,6,6,6,6,6,0,0,0,0,0,0,0,0,0,0,7,7,7,7,7,6,7,7,7,7,9,8,8,8,8,5,5,4,5,5,0,0,0,0,0
2020-11-08 13:19:08,2020-11-08 13:23:57,0,174.78.2.138,100,289,1,2020-11-08 13:23:58.517,R_xxgVYoyiOHtFvON,36.100799560546875,-115.1364974975586,anonymous,EN,3,3,3,3,3,6,6,6,6,6,6,6,6,6,6,6,6,6,6,6,4,4,4,4,4,8,8,8,8,8,7,7,8,7,7,8,8,8,8,8,5,5,5,5,5,7,7,7,7,7
2020-11-08 13:25:35,2020-11-08 13:31:43,0,136.29.7.209,100,367,1,2020-11-08 13:31:43.385,R_3qCDBd0VXEqIUAD,39.72770690917969,-104.98149871826172,anonymous,EN,2,1,3,0,2,6,4,4,4,7,2,3,3,3,3,3,4,2,2,2,2,2,1,3,2,8,7,8,8,9,4,3,2,7,7,8,8,8,7,8,1,1,1,1,1,7,7,6,6,6
2020-11-08 13:36:13,2020-11-08 13:39:12,0,216.206.217.178,100,178,1,2020-11-08 13:39:12.344,R_1CxAKWzA0uqGdPO,38.22810363769531,-84.86969757080078,anonymous,EN,3,6,4,3,3,3,3,3,3,3,6,6,5,7,6,5,4,4,4,4,4,4,4,4,4,7,7,7,7,7,7,7,7,7,7,7,7,7,7,7,7,7,7,7,5,6,6,6,4,6
2020-11-08 14:13:02,2020-11-08 14:20:13,0,47.144.237.245,100,431,1,2020-11-08 14:20:14.164,R_28H8hSjWMVleNKj,33.56309509277344,-117.2738037109375,anonymous,EN,5,5,5,5,5,6,6,6,6,6,6,7,5,5,6,7,7,7,7,7,7,6,7,6,7,7,7,7,7,7,7,7,7,7,7,7,7,7,7,7,7,6,6,6,6,7,7,7,7,7
2020-11-08 14:45:38,2020-11-08 14:58:23,0,75.133.160.195,100,765,1,2020-11-08 14:58:24.326,R_1gbjyLrkoTr78VB,39.00120544433594,-90.96240234375,anonymous,EN,3,4,3,4,4,7,7,7,7,5,7,7,6,6,5,6,6,5,6,6,6,6,5,6,5,5,8,8,8,7,6,8,8,8,7,7,8,8,8,8,5,4,4,4,4,7,7,7,9,8
2020-11-08 15:38:38,2020-11-08 15:47:30,0,173.66.36.130,100,531,1,2020-11-08 15:47:30.691,R_24u9WIzfnodv2i5,38.96369934082031,-77.60990142822266,anonymous,EN,2,1,2,2,3,2,2,2,2,4,5,5,5,5,5,5,5,5,5,5,3,3,3,4,3,8,8,6,6,7,7,7,7,7,7,7,8,8,8,7,3,2,2,3,2,4,4,5,3,3
2020-11-08 16:17:53,2020-11-08 16:25:13,0,74.250.134.153,100,439,1,2020-11-08 16:25:13.675,R_1reIQ1BEtJYir6b,32.74859619140625,-83.7477035522461,anonymous,EN,3,3,3,3,3,8,6,6,6,7,5,6,6,5,5,6,7,6,6,6,4,4,4,3,3,6,6,6,6,6,6,6,6,6,6,7,7,7,7,7,5,5,5,5,4,7,7,6,6,6
2020-11-08 16:22:16,2020-11-08 16:25:45,0,24.190.220.175,100,209,1,2020-11-08 16:25:45.682,R_UDtRwFOgrvJYiKR,40.64460754394531,-73.97429656982422,anonymous,EN,1,2,2,2,2,4,4,4,4,3,4,4,4,4,4,3,3,3,3,3,2,2,2,1,2,8,8,8,8,8,4,4,4,4,4,8,9,8,8,9,1,1,1,1,1,3,4,3,3,4
2020-11-08 18:18:50,2020-11-08 18:22:26,0,96.236.212.181,100,215,1,2020-11-08 18:22:26.405,R_3kyOptg4F4lo4jR,40.43220520019531,-80.10209655761719,anonymous,EN,4,5,4,4,4,2,2,3,2,2,5,5,5,5,5,4,3,3,3,3,3,2,3,3,3,7,7,7,7,7,8,7,7,7,8,7,7,7,7,7,6,6,6,6,6,4,5,5,5,5
2020-11-08 18:30:38,2020-11-08 18:34:33,0,66.57.172.109,100,234,1,2020-11-08 18:34:33.603,R_1eFuSrZRvwbgawO,35.252197265625,-80.82630157470703,anonymous,EN,3,3,3,3,3,5,5,5,5,5,3,3,3,3,3,8,8,8,8,8,7,7,7,7,7,7,7,8,7,8,7,7,7,7,7,8,8,8,8,8,6,6,6,6,6,7,7,7,7,7
2020-11-08 21:02:43,2020-11-08 21:07:25,0,219.90.98.57,100,282,1,2020-11-08 21:07:25.891,R_2VvxEvho8RG3ssv,19.074798583984375,72.88560485839844,anonymous,EN,5,7,6,6,5,7,7,8,8,7,8,7,7,7,6,5,6,6,6,6,6,6,6,7,6,6,8,7,8,7,6,7,8,8,7,9,9,9,9,9,7,5,6,5,7,7,7,7,6,6
2020-11-08 21:17:07,2020-11-08 21:23:52,0,216.164.224.101,100,405,1,2020-11-08 21:23:53.171,R_1mdZwfSnQ0P03Yk,40.595001220703125,-75.52890014648438,anonymous,EN,2,2,3,2,2,2,2,2,3,2,2,2,2,2,2,2,2,1,2,1,1,2,1,3,1,8,8,8,8,8,8,7,7,7,7,7,7,7,7,6,4,4,6,4,5,6,4,4,4,4
2020-11-08 22:58:01,2020-11-08 23:02:52,0,223.179.132.30,100,290,1,2020-11-08 23:02:52.349,R_D1OeJ3rT9DPWb8l,28.580001831054688,77.32998657226562,anonymous,EN,4,4,4,2,3,2,2,2,4,3,4,4,4,4,4,4,4,3,4,4,5,5,5,5,5,8,9,8,8,9,6,6,7,7,7,8,7,7,8,8,5,6,6,6,6,2,4,4,6,4
2020-11-08 23:39:09,2020-11-08 23:41:52,0,173.16.56.13,100,162,1,2020-11-08 23:41:52.522,R_wUlaY3i2MipfUE9,43.0426025390625,-91.11930084228516,anonymous,EN,3,2,3,3,3,2,2,2,2,2,3,3,2,2,2,3,3,3,3,3,2,2,3,3,3,3,3,3,3,3,4,4,4,4,4,5,5,5,5,5,3,3,3,3,2,3,3,3,3,3
2020-11-09 01:06:22,2020-11-09 01:10:38,0,223.130.28.241,100,255,1,2020-11-09 01:10:38.826,R_3HhNvy3KGIqkkLh,29.9656982421875,76.83700561523438,anonymous,EN,4,3,3,4,4,7,7,7,7,7,7,8,7,6,7,7,6,6,6,6,7,6,6,7,6,7,7,8,8,7,6,6,6,6,7,6,8,7,8,9,5,4,4,4,3,7,7,7,7,7
2020-11-09 01:07:27,2020-11-09 01:10:44,0,103.114.211.14,100,197,1,2020-11-09 01:10:45.143,R_1FQUcleVsRp8QkS,11.0054931640625,76.96609497070312,anonymous,EN,4,4,4,4,4,4,4,4,4,4,7,7,7,7,7,4,4,4,4,4,4,4,4,4,4,7,7,7,7,7,7,7,7,7,7,7,7,7,7,7,4,4,7,4,4,4,4,4,4,4
2020-11-09 01:06:57,2020-11-09 01:12:08,0,103.114.211.92,100,310,1,2020-11-09 01:12:08.890,R_2ATmK7UlmXgWmuK,11.0054931640625,76.96609497070312,anonymous,EN,5,5,5,5,5,6,7,7,7,7,6,6,6,6,6,8,8,8,8,8,7,7,6,7,7,6,6,6,6,6,6,7,7,7,8,7,7,8,8,7,6,5,6,5,5,7,7,7,6,6
2020-11-09 02:09:38,2020-11-09 02:14:15,0,103.114.211.80,100,276,1,2020-11-09 02:14:15.640,R_2D8sMdChNxqdP6U,11.0054931640625,76.96609497070312,anonymous,EN,4,4,4,4,3,3,4,4,4,6,4,5,4,6,3,3,4,4,4,6,6,6,6,7,6,7,8,7,8,7,6,6,6,6,6,7,6,6,6,5,6,3,3,3,3,8,7,8,6,6
2020-11-09 03:41:48,2020-11-09 03:47:02,0,213.45.174.60,100,314,1,2020-11-09 03:47:03.214,R_1mzlCjCm8BEhBQL,42.458404541015625,14.202804565429688,anonymous,EN,2,3,3,3,3,5,5,5,5,5,5,5,5,4,4,6,6,6,6,6,4,6,6,6,4,9,9,9,9,9,8,8,8,8,8,6,6,6,6,6,4,3,3,3,4,6,6,6,6,6
2020-11-09 04:22:23,2020-11-09 04:25:25,0,68.96.169.162,100,182,1,2020-11-09 04:25:26.018,R_3hiNykHhiHgHOm5,36.246795654296875,-115.21820068359375,anonymous,EN,5,5,5,5,5,5,5,5,5,5,8,7,7,5,6,5,5,5,5,5,5,5,5,5,5,7,7,7,7,7,6,7,7,6,7,9,9,9,8,8,7,6,7,7,6,5,5,5,5,5
2020-11-09 04:26:53,2020-11-09 04:35:58,0,98.177.4.91,100,544,1,2020-11-09 04:35:58.567,R_1CfLlguqnwpoKiE,33.312103271484375,-111.82129669189453,anonymous,EN,3,3,4,4,4,3,3,3,3,3,4,4,4,5,4,2,2,2,2,2,2,2,2,2,2,7,7,7,6,7,6,6,6,6,6,6,6,6,6,6,4,4,4,4,4,5,5,5,5,5
2020-11-09 05:08:48,2020-11-09 05:14:38,0,103.139.56.32,100,350,1,2020-11-09 05:14:38.923,R_C47jI6Gs5oiHYD7,26.463104248046875,80.347900390625,anonymous,EN,6,6,7,6,8,8,7,7,8,7,9,8,9,8,8,4,4,4,4,4,4,7,7,6,6,10,10,9,10,10,10,10,10,10,8,9,10,10,9,9,4,4,4,4,2,7,7,8,7,7
2020-11-09 05:16:38,2020-11-09 05:19:03,0,71.173.204.206,100,145,1,2020-11-09 05:19:04.166,R_XXoeGQlGO1bqRdT,40.274993896484375,-76.80390167236328,anonymous,EN,3,2,2,1,1,4,4,4,4,5,5,5,5,5,5,4,5,4,5,5,4,4,5,5,3,4,4,4,4,4,7,7,7,7,7,5,5,5,5,5,6,6,6,6,6,5,6,5,2,6
2020-11-09 05:18:31,2020-11-09 05:24:20,0,172.76.144.15,100,348,1,2020-11-09 05:24:20.566,R_3DkLGrCTYEWIMQe,36.052703857421875,-85.01380157470703,anonymous,EN,3,3,3,3,4,6,6,6,6,6,7,7,6,6,6,8,8,7,7,8,5,5,5,5,5,9,8,8,9,9,6,6,6,6,7,7,7,7,7,7,4,4,4,4,4,8,8,8,8,7
2020-11-09 05:35:06,2020-11-09 05:41:22,0,117.96.209.120,100,376,1,2020-11-09 05:41:23.181,R_SHje1AlXuUR89tT,11.0054931640625,76.96609497070312,anonymous,EN,4,4,4,4,4,3,3,3,3,3,6,6,6,6,6,6,6,6,6,7,7,7,7,7,7,8,8,8,8,7,8,8,8,8,8,7,7,7,7,7,3,3,3,3,3,9,9,9,9,9
2020-11-09 05:36:03,2020-11-09 05:42:11,0,71.223.242.47,100,367,1,2020-11-09 05:42:11.782,R_YYnl2HeYzojz3vb,33.562896728515625,-112.0519027709961,anonymous,EN,3,3,2,2,2,5,5,5,5,5,4,4,4,4,4,3,3,3,4,3,6,5,6,5,5,5,5,5,5,5,6,6,6,6,6,7,7,7,7,7,6,6,6,6,6,5,5,5,5,5
2020-11-09 05:58:03,2020-11-09 06:03:41,0,73.153.191.15,100,338,1,2020-11-09 06:03:41.539,R_0uBxBh8nr04AIyB,39.729095458984375,-105.189697265625,anonymous,EN,0,2,0,0,1,1,1,1,1,1,1,1,3,3,2,0,1,1,2,2,0,1,1,1,1,9,9,8,8,9,5,5,7,7,4,7,6,7,8,7,0,2,3,1,2,2,4,1,2,2
2020-11-09 06:09:56,2020-11-09 06:13:41,0,73.119.242.192,100,224,1,2020-11-09 06:13:41.445,R_1E6f6RoDXXvnH1A,43.01100158691406,-71.45709991455078,anonymous,EN,2,2,1,1,1,3,3,3,3,3,5,5,5,5,5,6,6,6,6,6,3,4,4,3,4,4,4,4,5,4,5,5,5,5,5,5,5,5,5,5,3,2,2,2,2,4,4,4,4,5
2020-11-09 06:46:27,2020-11-09 06:50:14,0,216.211.48.26,100,227,1,2020-11-09 06:50:14.504,R_3NCavIlso1b2gMO,48.46150207519531,-89.20210266113281,anonymous,EN,4,4,4,3,4,5,6,5,5,6,6,7,7,5,5,3,3,3,3,3,5,6,6,6,6,7,7,7,7,7,7,7,7,7,6,7,7,6,7,7,3,3,4,3,3,5,6,5,6,7
2020-11-09 06:55:28,2020-11-09 07:02:16,0,70.185.96.81,100,408,1,2020-11-09 07:02:17.380,R_22VXCs6elexXO3T,29.647506713867188,-82.40399932861328,anonymous,EN,4,4,4,4,5,6,6,6,6,6,7,7,6,6,6,5,5,5,5,5,5,5,6,6,6,6,7,6,6,6,7,7,7,7,7,8,8,8,8,8,5,3,3,4,4,6,6,6,6,6
2020-11-09 07:18:48,2020-11-09 07:21:51,0,47.185.85.35,100,182,1,2020-11-09 07:21:51.449,R_1FyUKLBR4YX3TZT,32.932098388671875,-97.28340148925781,anonymous,EN,4,4,2,5,2,5,5,5,4,5,7,6,6,6,7,6,6,5,6,5,5,5,6,7,6,8,8,7,7,8,7,6,6,8,7,7,8,8,8,8,6,7,3,5,6,8,6,7,5,7
2020-11-09 07:19:25,2020-11-09 07:23:12,0,136.34.234.173,100,227,1,2020-11-09 07:23:12.766,R_2q8cDa01iAbXeNj,39.038299560546875,-94.57369995117188,anonymous,EN,5,5,5,2,5,5,3,3,4,5,5,5,5,5,5,5,5,5,5,5,5,5,5,5,5,5,5,5,5,7,8,5,5,5,5,5,5,5,5,5,4,4,5,6,3,5,5,5,5,4
2020-11-09 07:59:44,2020-11-09 08:11:10,0,112.133.236.139,100,685,1,2020-11-09 08:11:10.589,R_3nAA1e2NuTRMZXX,10.369003295898438,77.98040771484375,anonymous,EN,4,3,5,5,6,6,3,6,6,6,5,7,6,4,4,4,4,3,3,4,2,6,4,6,6,6,4,6,6,7,3,6,7,6,6,6,6,8,8,6,2,3,3,3,3,5,5,7,7,5
2020-11-09 08:21:11,2020-11-09 08:24:47,0,50.236.74.82,100,215,1,2020-11-09 08:24:47.741,R_3p9BQfqVXySqkzU,42.685394287109375,-83.9126968383789,anonymous,EN,4,4,4,4,4,6,6,6,6,6,7,7,7,7,7,7,7,7,7,7,5,5,5,5,5,7,7,7,7,7,7,7,7,7,7,8,8,8,8,8,6,6,6,6,6,6,6,6,6,6
2020-11-09 08:23:31,2020-11-09 08:27:10,0,66.176.72.219,100,219,1,2020-11-09 08:27:10.768,R_3kokwNuIHDGbE63,26.016204833984375,-80.19550323486328,anonymous,EN,0,0,0,0,0,1,1,1,1,1,4,4,3,4,4,2,2,2,2,1,0,0,0,1,1,3,3,3,5,3,5,5,5,5,5,5,5,5,5,5,3,3,3,3,2,3,3,3,3,3
2020-11-09 08:50:14,2020-11-09 08:59:36,0,103.143.108.193,100,561,1,2020-11-09 08:59:36.799,R_p5Wo7Br2QGOtaGB,11.115402221679688,77.3546142578125,anonymous,EN,8,8,4,7,8,4,6,3,3,7,3,8,7,8,7,4,4,7,7,4,7,3,3,3,3,4,7,8,7,10,9,9,8,9,9,3,8,4,4,4,2,4,4,3,7,4,7,7,4,6
2020-11-09 09:17:01,2020-11-09 09:23:03,0,71.146.118.250,100,362,1,2020-11-09 09:23:04.199,R_2SeiZsHHiImgOxO,32.86839294433594,-96.93840026855469,anonymous,EN,4,4,4,4,4,4,4,4,4,4,6,7,6,6,6,6,6,6,6,6,7,7,7,7,7,6,6,6,6,6,9,8,8,8,8,9,9,9,9,9,5,5,5,4,4,7,8,8,8,8
2020-11-09 09:24:25,2020-11-09 09:38:01,0,136.49.54.77,100,815,1,2020-11-09 09:38:01.991,R_DdYYA8pWkqaBTup,30.3074951171875,-97.72709655761719,anonymous,EN,3,3,3,3,3,4,4,4,4,4,4,4,4,4,4,5,5,5,5,5,6,5,6,5,5,8,8,8,7,8,7,8,7,7,7,7,8,8,8,8,7,7,6,7,6,6,6,5,6,6
2020-11-09 09:38:25,2020-11-09 09:42:07,0,172.100.53.135,100,221,1,2020-11-09 09:42:07.426,R_2pLjzCadjdSriOe,42.95539855957031,-78.86380004882812,anonymous,EN,4,2,4,4,4,5,5,5,5,5,9,9,9,9,9,3,3,3,3,4,7,7,7,7,7,5,5,5,5,5,7,7,7,6,7,7,6,6,6,7,4,4,4,4,4,6,6,6,6,6
2020-11-09 09:39:04,2020-11-09 09:42:33,0,45.36.240.171,100,208,1,2020-11-09 09:42:33.895,R_3kLeHzJuxopQbsY,36.021697998046875,-79.78389739990234,anonymous,EN,3,4,4,3,4,5,5,5,5,4,7,6,4,4,4,6,6,7,7,7,5,6,6,6,5,8,8,7,8,8,6,6,6,6,7,7,7,7,7,7,7,6,6,7,7,9,8,8,8,8
2020-11-09 09:59:51,2020-11-09 10:03:41,0,173.187.58.39,100,229,1,2020-11-09 10:03:41.855,R_23gwjibEqjpQWn8,35.86839294433594,-80.31500244140625,anonymous,EN,3,3,3,2,2,7,6,7,7,7,6,7,5,5,5,4,3,5,5,4,6,5,5,5,5,6,6,6,6,5,7,6,7,6,5,7,7,7,6,7,4,4,4,4,3,7,7,7,8,7
2020-11-09 10:35:54,2020-11-09 10:39:37,0,172.58.188.28,100,222,1,2020-11-09 10:39:37.355,R_2TREzBP0eHEZUcH,38.95379638671875,-76.89469909667969,anonymous,EN,5,4,5,5,5,4,5,3,4,5,8,9,9,9,8,5,5,5,5,5,5,5,4,5,5,8,7,7,8,8,7,6,6,6,7,8,8,8,8,7,5,5,5,4,5,4,7,6,7,7
2020-11-09 10:35:41,2020-11-09 10:39:52,0,72.76.129.231,100,250,1,2020-11-09 10:39:52.573,R_3qpRwUjE2AgcHoj,40.84620666503906,-74.70559692382812,anonymous,EN,3,3,3,3,3,5,5,5,5,5,5,5,5,5,5,6,6,6,6,6,3,3,3,4,3,7,7,7,8,7,6,6,6,6,6,6,6,6,6,5,2,4,3,2,3,7,7,7,7,6
2020-11-09 10:45:05,2020-11-09 10:48:56,0,174.96.65.194,100,230,1,2020-11-09 10:48:56.408,R_1jCc7LFaqSGq9Gd,39.837799072265625,-84.11109924316406,anonymous,EN,4,4,4,4,4,5,5,5,5,5,7,6,6,6,6,3,4,3,3,4,6,6,6,6,6,7,7,7,7,7,8,8,8,8,8,7,7,7,7,7,6,6,6,6,6,7,7,7,7,7
2020-11-09 11:29:16,2020-11-09 11:33:32,0,73.220.229.157,100,256,1,2020-11-09 11:33:32.535,R_1Oq65nsm8viN53c,36.74049377441406,-119.75080108642578,anonymous,EN,5,6,6,5,6,3,2,4,1,3,9,9,9,8,10,3,3,4,3,3,3,3,2,3,3,4,4,5,4,6,10,10,10,10,10,5,5,6,6,6,6,5,6,6,6,5,4,4,5,4
2020-11-09 11:59:03,2020-11-09 12:05:17,0,75.188.10.119,100,374,1,2020-11-09 12:05:17.773,R_3p08rOrFZn9tTS1,40.07319641113281,-82.40170288085938,anonymous,EN,1,2,2,2,3,7,5,4,5,4,6,6,5,5,6,5,7,5,7,7,5,6,7,7,5,5,4,6,5,5,5,6,6,5,5,5,4,7,4,7,5,6,4,7,4,6,5,8,6,5
2020-11-09 12:39:08,2020-11-09 12:42:56,0,47.27.126.234,100,228,1,2020-11-09 12:42:56.951,R_3iKiQT5QAWeWF6l,35.59620666503906,-81.03389739990234,anonymous,EN,4,3,4,3,3,4,4,5,6,5,6,7,6,7,5,5,4,5,5,6,5,5,5,5,4,5,5,6,6,6,5,5,5,5,5,6,6,6,6,6,6,3,4,4,4,5,6,6,6,6
2020-11-09 13:06:58,2020-11-09 13:09:58,0,67.81.69.205,100,179,1,2020-11-09 13:09:58.899,R_3DwfZ8yNMFxHuKw,40.927093505859375,-72.6509017944336,anonymous,EN,2,2,2,2,2,7,6,6,6,6,3,4,4,4,4,3,3,3,3,3,6,6,6,6,6,6,6,6,6,6,6,5,5,5,5,7,7,7,7,6,5,5,5,5,5,4,4,4,4,4
2020-11-09 15:13:14,2020-11-09 15:18:28,0,157.49.221.116,100,314,1,2020-11-09 15:18:28.704,R_3jVh8MbOiBvlXDZ,13.087799072265625,80.27850341796875,anonymous,EN,8,8,7,8,7,4,5,4,6,4,9,9,8,8,8,5,4,4,4,5,6,6,6,7,7,6,9,9,9,8,9,7,8,7,7,7,6,7,6,6,7,7,7,7,7,7,7,7,6,6
