ResponseId,StartDate,EndDate,Status,IPAddress,Progress,Duration (in seconds),Finished,RecordedDate,LocationLatitude,LocationLongitude,DistributionChannel,UserLanguage,Age,Race,Race_other,Sex,A1,A2,A3,A4,A5,A6,B1,B2,B3,B4,B5,B6,D1,D2,D3,D4,D5,D6,G1,G2,G3,G4,G5,G6,H1,H2,H3,H4,H5,H6,I1,I2,I3,I4,I5,I6,J1,J2,J3,J4,J5,J6,K1,K2,K3,K4,K5,K6,N1,N2,N3,N4,N5,N6,O1,O2,O3,O4,O5,O6
R_2QVUTvHQF2MIFRc,2020-08-10 20:57:02,2020-08-10 21:02:27,IP Address,100.14.1.231,100,324,True,2020-08-10 21:02:27.756,40.036407470703125,-75.2219009399414,anonymous,EN,35,"East Asian,Other",Asian mixed with Hawaiian,Male,5,7,7,7,5,8,6,6,6,6,6,6,4,4,4,4,4,4,6,7,7,7,7,6,6,6,6,6,7,6,6,7,6,6,6,6,7,7,7,7,7,7,4,4,4,4,4,4,8,7,8,8,8,7,7,7,7,7,7,7
R_sNA0Y7Wikfbjmoh,2020-08-10 14:26:38,2020-08-10 14:29:55,IP Address,100.7.25.54,100,196,True,2020-08-10 14:29:55.330,37.510894775390625,-77.64289855957031,anonymous,EN,54,White,,Male,4,4,6,4,6,3,1,2,3,2,1,2,3,1,2,2,5,3,5,6,7,6,6,7,2,3,2,2,2,2,4,4,4,4,5,4,6,7,7,6,6,7,4,6,6,5,6,7,4,6,6,6,7,7,4,6,7,7,7,5
R_3mjH4mWb8yz5oci,2020-08-10 20:06:48,2020-08-10 20:14:34,IP Address,103.104.49.153,100,465,True,2020-08-10 20:14:34.982,8.179000854492188,77.43231201171875,anonymous,EN,34,South Asian,,Male,3,3,4,3,4,3,4,3,2,4,3,4,6,6,6,5,6,6,6,7,6,6,6,6,2,2,2,2,2,2,4,4,5,5,5,2,7,7,8,7,7,6,6,6,6,6,5,6,6,6,7,6,7,6,5,6,4,4,4,4
R_1lsGctLd8WM6U9W,2020-08-10 18:18:03,2020-08-10 18:24:40,IP Address,103.110.237.214,100,397,True,2020-08-10 18:24:41.027,11.342803955078125,77.72738647460938,anonymous,EN,33,South Asian,,Male,5,5,5,5,5,5,5,7,7,6,6,7,8,7,7,6,7,7,4,8,7,8,7,6,6,6,8,6,6,5,6,7,8,7,7,8,8,10,10,10,10,9,6,5,7,6,5,3,8,8,9,10,10,9,5,7,5,6,6,6
R_3HztxfUfojAXTNT,2020-08-11 02:16:52,2020-08-11 02:21:06,IP Address,103.114.211.46,100,253,True,2020-08-11 02:21:06.996,11.00750732421875,76.96710205078125,anonymous,EN,29,South Asian,,Male,7,7,7,7,7,7,7,7,7,7,7,7,7,7,7,7,7,7,7,7,7,7,7,7,7,7,7,7,7,7,7,7,7,7,7,7,10,10,10,10,10,10,7,10,10,10,10,10,7,7,10,7,10,10,7,7,7,7,7,7
R_1LcJ6mHuqeT3n9h,2020-08-10 23:13:41,2020-08-10 23:19:53,IP Address,103.195.202.245,100,372,True,2020-08-10 23:19:54.227,19.074798583984375,72.88560485839844,anonymous,EN,35,South Asian,,Female,5,5,5,4,4,4,6,5,6,5,5,5,5,5,4,6,5,6,8,8,8,9,9,8,5,6,6,6,6,5,8,7,9,8,9,8,8,7,9,9,7,9,9,8,9,7,6,7,7,7,8,6,8,6,4,3,4,3,3,3
R_24AA1Mkw56rVHjd,2020-08-10 20:16:42,2020-08-10 20:24:14,IP Address,103.217.235.24,100,452,True,2020-08-10 20:24:14.681,22.5758056640625,88.315185546875,anonymous,EN,45,South Asian,,Male,4,3,7,5,4,4,4,5,6,5,5,5,4,7,5,6,6,8,5,7,6,6,5,8,6,8,6,8,8,6,7,8,8,8,8,8,6,8,9,8,8,9,6,7,8,7,7,8,6,7,7,7,7,8,6,5,5,6,5,6
R_1n1s1OG3YnY9SNL,2020-08-10 22:48:25,2020-08-10 22:56:11,IP Address,103.40.197.73,100,466,True,2020-08-10 22:56:11.776,31.228103637695312,75.77870178222656,anonymous,EN,32,South Asian,,Male,3,3,3,3,3,3,7,4,7,6,3,8,4,7,7,6,4,4,7,8,9,7,8,6,7,7,7,6,7,7,6,6,8,7,7,6,9,9,9,9,9,9,6,8,8,8,9,9,6,7,6,6,7,7,6,7,6,7,8,6
R_YRBYV14tBDBc1Yl,2020-08-10 21:28:30,2020-08-10 21:34:29,IP Address,103.59.202.15,100,359,True,2020-08-10 21:34:30.802,19.074798583984375,72.88560485839844,anonymous,EN,27,South Asian,,Male,6,6,6,6,6,6,3,3,3,3,3,3,3,6,6,5,3,5,5,7,7,7,5,7,5,7,7,7,6,5,6,7,7,7,7,5,8,10,10,10,10,10,4,8,8,8,8,9,6,8,8,8,8,8,2,7,7,7,7,6
R_268Xe6r6MzlRywz,2020-08-10 23:37:16,2020-08-10 23:45:27,IP Address,103.93.105.182,100,491,True,2020-08-10 23:45:27.647,10.95770263671875,78.08099365234375,anonymous,EN,35,White,,Female,2,3,2,3,2,3,2,2,2,2,2,3,6,4,6,6,4,8,4,3,4,4,3,4,2,2,2,2,2,2,2,4,3,3,3,2,6,6,3,7,6,6,3,3,4,6,4,3,4,6,4,6,8,4,4,2,2,2,2,2
R_3GxJGD4yfddJneV,2020-08-11 02:14:39,2020-08-11 02:23:02,IP Address,103.99.150.251,100,502,True,2020-08-11 02:23:02.551,11.00750732421875,76.96710205078125,anonymous,EN,29,East Asian,,Male,6,7,6,6,6,6,6,6,6,6,6,6,6,6,6,6,8,6,8,7,8,7,7,7,8,8,7,8,7,7,7,7,7,8,6,7,8,8,9,8,8,8,7,6,6,6,6,6,8,8,8,8,8,8,8,8,8,8,8,6
R_2642vjQ1cFzV7U5,2020-08-10 13:56:55,2020-08-10 14:05:39,IP Address,104.131.66.8,100,524,True,2020-08-10 14:05:40.263,40.836395263671875,-74.14029693603516,anonymous,EN,31,Black,,Female,1,3,3,3,4,4,2,4,1,3,2,3,4,6,3,7,2,6,4,8,8,3,6,8,1,4,3,8,4,2,8,7,6,1,8,7,9,8,9,9,8,9,4,4,8,3,3,3,9,4,7,9,6,4,2,2,3,2,1,2
R_1Iplxm1UHmA3RLI,2020-08-11 00:30:55,2020-08-11 00:37:15,IP Address,104.200.151.96,100,380,True,2020-08-11 00:37:16.287,33.44129943847656,-112.04209899902344,anonymous,EN,31,White,,Male,7,7,7,7,7,7,6,6,6,5,6,6,4,4,4,4,4,4,4,7,7,7,7,7,5,5,5,5,5,4,4,5,5,5,5,5,7,8,8,8,8,8,6,7,7,7,7,7,6,7,6,7,6,6,6,6,6,6,6,6
R_XBNnD0V7oSVrMpH,2020-08-10 13:54:39,2020-08-10 14:21:49,IP Address,104.33.146.30,100,1630,True,2020-08-10 14:21:50.002,33.84190368652344,-117.60430145263672,anonymous,EN,35,"East Asian,South Asian",,Male,4,5,6,4,5,6,2,2,2,2,2,2,3,2,3,2,2,3,5,5,5,5,5,5,5,5,5,5,5,4,7,7,7,7,7,7,7,8,7,7,7,7,7,7,7,7,7,7,6,6,6,6,6,6,3,3,3,3,3,3
R_1EbN1N5G4mhaGju,2020-08-10 21:41:02,2020-08-10 21:45:07,IP Address,104.63.94.49,100,244,True,2020-08-10 21:45:07.650,42.615997314453125,-83.92500305175781,anonymous,EN,50,White,,Male,3,3,2,3,3,3,5,5,5,5,5,5,1,1,1,1,1,2,5,5,5,5,5,5,4,6,5,4,6,4,4,4,4,6,4,5,5,5,5,5,4,5,5,5,5,5,5,5,3,3,3,3,3,4,1,2,2,1,2,2
R_snwaFN471UoNeal,2020-08-10 19:12:44,2020-08-10 19:19:08,IP Address,106.193.128.241,100,383,True,2020-08-10 19:19:08.563,18.52130126953125,73.852294921875,anonymous,EN,35,South Asian,,Male,6,6,5,5,5,5,6,5,5,5,5,5,5,5,6,6,6,6,7,7,7,7,7,6,7,6,6,7,6,6,6,6,6,6,7,6,8,7,7,7,7,8,7,8,8,7,7,8,8,8,8,7,8,8,6,6,5,5,6,5
R_O7izFaschTvcptn,2020-08-10 21:28:44,2020-08-10 21:40:00,IP Address,111.92.52.3,100,676,True,2020-08-10 21:40:00.624,8.482696533203125,76.94790649414062,anonymous,EN,34,South Asian,,Female,7,6,7,7,7,7,2,1,1,1,0,3,3,4,3,3,3,3,5,5,6,6,6,6,0,5,5,5,5,1,6,6,6,6,6,6,9,9,9,9,9,10,10,10,10,10,10,9,7,6,7,7,8,7,2,6,4,4,4,4
R_VXdtocffsWOigKZ,2020-08-10 19:48:30,2020-08-10 19:55:01,IP Address,117.197.180.103,100,390,True,2020-08-10 19:55:01.568,10.96209716796875,79.39120483398438,anonymous,EN,41,South Asian,,Male,4,3,4,4,4,4,3,3,3,3,3,3,4,4,4,4,4,4,7,8,6,6,6,8,3,3,3,3,3,3,6,6,6,6,6,6,8,8,8,7,8,7,6,8,8,8,8,8,7,6,7,7,7,6,6,6,6,6,6,4
R_Y9N8Big7zeb6qt3,2020-08-10 18:38:58,2020-08-10 18:44:27,IP Address,117.216.58.239,100,328,True,2020-08-10 18:44:27.710,10.804794311523438,78.70480346679688,anonymous,EN,40,South Asian,,Male,6,7,7,6,6,7,4,1,1,1,1,1,5,8,7,7,7,8,6,5,5,5,6,6,6,6,6,6,5,4,3,3,3,3,3,3,10,10,10,10,10,10,8,9,9,8,9,9,8,9,8,9,9,9,5,5,6,6,5,6
R_sbcrdRVw4Ole3nP,2020-08-11 00:47:10,2020-08-11 00:51:10,IP Address,117.221.138.18,100,240,True,2020-08-11 00:51:10.641,11.342803955078125,77.72738647460938,anonymous,EN,37,South Asian,,Male,7,3,7,7,6,7,3,3,4,3,4,4,3,4,2,3,3,3,7,7,8,7,7,7,3,3,3,3,3,3,4,7,7,7,7,7,9,9,9,9,7,10,7,8,7,10,8,7,8,9,9,8,8,10,6,7,7,7,6,6
R_BuiLCSPTpuC6HeN,2020-08-10 19:22:46,2020-08-10 19:45:38,IP Address,117.241.15.167,100,1371,True,2020-08-10 19:45:38.731,9.449996948242188,77.92001342773438,anonymous,EN,36,South Asian,,Male,4,8,9,5,7,7,2,6,3,3,7,7,5,7,7,7,8,9,8,10,10,10,8,7,0,8,9,5,7,8,1,1,4,3,3,1,8,8,10,10,9,10,7,8,9,10,9,8,7,7,8,6,9,6,7,6,6,3,4,5
R_1KwrT1x9h368kPu,2020-08-10 19:02:55,2020-08-10 19:09:35,IP Address,12.129.64.197,100,400,True,2020-08-10 19:09:36.215,37.751007080078125,-97.8219985961914,anonymous,EN,30,White,,Male,6,6,7,6,7,7,4,5,4,5,5,4,5,4,4,4,5,6,7,7,7,8,7,7,5,6,6,6,5,6,6,5,5,5,5,5,6,7,8,7,8,8,6,8,8,7,7,7,6,7,8,7,7,8,6,7,7,7,8,7
R_2PcyZMPPAFXYenI,2020-08-10 14:59:06,2020-08-10 15:04:57,IP Address,122.164.71.14,100,351,True,2020-08-10 15:04:57.371,13.08599853515625,80.27508544921875,anonymous,EN,32,White,,Male,6,7,6,6,6,6,6,6,6,6,6,6,6,6,6,6,6,5,8,8,8,8,8,8,5,5,5,5,5,5,5,5,5,5,5,5,8,8,9,8,8,8,6,6,8,6,6,6,7,6,7,8,7,6,7,7,6,6,7,7
R_1qhd0d3LxSIPHhj,2020-08-10 20:27:47,2020-08-10 20:34:37,IP Address,122.173.41.149,100,409,True,2020-08-10 20:34:37.444,30.736602783203125,76.79251098632812,anonymous,EN,28,South Asian,,Male,6,6,5,6,5,6,5,4,5,5,4,6,6,6,7,6,6,6,7,8,7,6,8,7,2,4,6,5,4,4,6,7,5,6,6,6,6,9,9,9,9,9,7,7,7,7,7,8,8,7,9,7,9,7,5,5,5,5,4,6
R_1jdnX6aVkbiiMdS,2020-08-10 19:35:00,2020-08-10 19:41:22,IP Address,122.174.148.249,100,381,True,2020-08-10 19:41:22.465,13.08599853515625,80.27508544921875,anonymous,EN,28,South Asian,,Male,7,8,7,7,7,7,8,8,8,8,8,8,7,7,7,8,7,7,7,7,6,7,7,7,7,7,7,8,7,6,7,7,7,7,7,6,7,7,8,7,8,8,8,9,7,8,8,7,7,7,8,8,8,8,7,7,7,7,6,7
R_9oDPBraPweew5fr,2020-08-10 13:59:44,2020-08-10 20:24:11,IP Address,122.174.196.172,100,23066,True,2020-08-10 20:24:11.674,13.08599853515625,80.27508544921875,anonymous,EN,31,White,,Male,9,8,8,8,8,9,9,9,8,8,9,8,8,9,8,8,9,8,8,9,8,9,8,8,9,8,8,9,8,8,8,9,8,9,8,8,8,9,9,9,8,8,8,9,9,8,8,9,8,8,8,9,8,8,8,8,8,9,9,9
R_1jTwiZmtf9AtK1s,2020-08-10 19:05:38,2020-08-10 19:11:39,IP Address,122.174.203.77,100,361,True,2020-08-10 19:11:40.001,13.08599853515625,80.27508544921875,anonymous,EN,50,South Asian,,Male,5,5,5,6,5,5,8,8,8,8,8,8,6,6,6,7,6,6,8,8,8,8,8,8,5,5,5,5,5,5,9,9,9,9,9,9,6,5,5,6,6,6,4,5,4,4,5,4,9,9,9,9,9,9,4,5,4,4,4,4
R_2pVoxJHG7yHzrDf,2020-08-10 23:39:00,2020-08-10 23:45:57,IP Address,122.183.148.161,100,416,True,2020-08-10 23:45:57.894,9.940597534179688,76.26251220703125,anonymous,EN,30,White,,Male,7,7,7,7,7,7,4,4,4,7,4,4,8,7,6,6,7,6,8,7,6,6,6,8,5,6,5,5,7,7,7,7,7,7,7,7,9,6,7,9,7,9,6,5,3,4,4,6,7,8,7,8,7,8,8,4,4,4,4,8
R_2Pckxb1FgSzhqs2,2020-08-10 19:41:04,2020-08-10 19:46:25,IP Address,124.123.185.221,100,320,True,2020-08-10 19:46:25.390,17.384597778320312,78.4573974609375,anonymous,EN,30,South Asian,,Female,2,6,1,2,4,3,3,2,5,3,1,1,7,8,7,9,6,8,6,6,7,6,5,6,3,6,7,7,6,6,8,8,10,10,8,10,8,10,9,10,8,9,8,10,9,9,9,8,6,10,7,10,8,9,4,5,6,6,6,6
R_Rk6LlzHqOVN6gAV,2020-08-10 20:40:59,2020-08-10 20:46:11,IP Address,125.99.228.210,100,312,True,2020-08-10 20:46:11.983,12.97210693359375,77.59329223632812,anonymous,EN,54,South Asian,,Male,7,7,7,7,7,7,2,3,4,3,2,3,6,6,6,5,6,6,6,6,6,6,6,6,3,3,3,3,3,3,5,5,5,5,5,5,7,6,7,7,7,7,6,6,7,6,6,6,6,6,7,6,7,6,4,4,4,4,4,4
R_2TNPPVNv1TkFvyH,2020-08-10 14:01:38,2020-08-10 14:05:32,IP Address,137.25.67.164,100,234,True,2020-08-10 14:05:33.060,33.943603515625,-117.99569702148438,anonymous,EN,58,White,,Female,8,8,8,8,8,8,3,3,3,3,3,3,5,5,5,4,4,4,6,6,6,6,6,6,4,6,6,6,6,6,6,6,6,6,6,6,7,6,8,7,6,8,7,7,7,7,7,7,7,7,7,7,7,7,5,5,5,5,5,5
R_0AIvDqvjWUEA0Br,2020-08-10 18:17:25,2020-08-10 18:21:29,IP Address,142.129.18.134,100,243,True,2020-08-10 18:21:30.181,34.026397705078125,-117.93600463867188,anonymous,EN,33,East Asian,,Female,6,8,8,9,9,9,5,5,5,5,5,5,5,5,5,5,5,5,8,9,9,9,8,9,8,8,8,6,8,8,9,8,9,9,8,7,7,8,8,9,8,8,8,9,9,9,9,9,7,8,8,9,8,7,7,9,9,8,9,8
R_1BQ2MKXHW2kbadM,2020-08-10 16:59:50,2020-08-10 17:07:10,IP Address,142.255.100.246,100,440,True,2020-08-10 17:07:11.059,40.62080383300781,-74.0426025390625,anonymous,EN,27,East Asian,,Male,5,6,5,5,6,5,4,4,4,4,5,4,6,5,5,5,5,5,4,7,6,6,6,6,3,5,5,5,5,5,5,6,5,5,5,5,6,7,7,6,6,5,6,7,7,7,7,6,7,7,7,7,7,6,6,6,6,6,6,6
R_WqiCgfI4Np51105,2020-08-10 18:27:39,2020-08-10 18:33:43,IP Address,157.41.27.54,100,363,True,2020-08-10 18:33:43.450,20.27130126953125,85.83340454101562,anonymous,EN,36,South Asian,,Male,8,4,6,6,6,4,6,4,4,4,4,4,4,4,4,4,4,7,7,7,7,7,7,7,4,4,5,6,4,4,7,6,6,6,6,6,7,6,6,6,6,7,9,7,8,6,9,5,9,7,9,8,7,8,7,7,7,4,5,4
R_2ALvrSqes9jwMMG,2020-08-10 21:23:36,2020-08-10 21:33:31,IP Address,157.46.92.217,100,595,True,2020-08-10 21:33:32.292,13.08599853515625,80.27508544921875,anonymous,EN,32,South Asian,,Male,4,6,3,6,6,7,3,4,5,4,4,6,6,6,8,6,5,6,3,4,6,7,4,7,4,5,4,4,6,3,3,7,3,4,4,4,9,9,9,9,9,9,7,4,7,5,5,3,7,9,8,7,9,7,5,8,7,7,7,5
R_3kyKQBL8pkArDfb,2020-08-10 22:19:47,2020-08-10 22:29:49,IP Address,157.49.195.250,100,602,True,2020-08-10 22:29:50.023,12.97210693359375,77.59329223632812,anonymous,EN,26,South Asian,,Male,8,4,2,2,2,6,7,7,6,6,8,9,4,2,4,4,6,6,7,9,7,9,7,7,7,7,8,8,7,6,6,7,7,7,8,7,9,9,7,9,7,9,8,7,7,8,9,9,9,9,9,9,9,9,7,7,7,7,7,7
R_2Yof2KHCJW82WnY,2020-08-10 19:33:28,2020-08-10 19:41:14,IP Address,157.49.218.155,100,465,True,2020-08-10 19:41:14.887,12.97210693359375,77.59329223632812,anonymous,EN,45,South Asian,,Female,4,5,4,4,5,3,2,3,3,3,3,3,5,5,5,4,4,5,6,4,5,5,4,5,4,4,3,4,3,4,6,6,6,6,6,6,6,6,6,5,5,6,7,4,4,4,4,4,8,4,5,6,6,6,3,3,3,3,3,4
R_2veTzelmFsUi0Jt,2020-08-10 19:14:10,2020-08-10 19:21:02,IP Address,157.50.1.201,100,412,True,2020-08-10 19:21:03.185,13.08599853515625,80.27508544921875,anonymous,EN,38,South Asian,,Female,6,5,4,5,5,4,5,6,6,5,6,6,5,4,4,5,4,5,7,7,7,7,7,7,6,5,5,5,5,6,6,7,6,6,7,7,8,8,8,7,8,8,6,6,7,7,6,7,7,6,8,6,8,8,6,6,6,6,6,6
R_e5oUvPlpkA5tpYt,2020-08-10 20:05:57,2020-08-10 20:11:32,IP Address,157.50.121.204,100,335,True,2020-08-10 20:11:32.835,13.08599853515625,80.27508544921875,anonymous,EN,34,South Asian,,Female,3,3,3,3,3,3,3,3,3,4,3,4,3,3,4,3,3,3,6,7,6,6,4,4,3,2,4,3,2,2,5,5,5,5,5,5,6,6,6,6,6,6,6,6,6,6,6,6,7,7,7,7,7,6,4,4,4,4,4,4
R_3EJSIxHRl8PhkGx,2020-08-10 18:23:09,2020-08-10 18:30:30,IP Address,157.50.142.45,100,440,True,2020-08-10 18:30:30.465,13.08599853515625,80.27508544921875,anonymous,EN,32,South Asian,,Male,3,3,3,3,4,3,2,2,2,2,2,2,4,4,4,4,4,4,8,8,8,8,8,8,1,1,1,1,1,1,6,6,6,6,6,6,7,8,8,8,8,8,7,8,8,7,7,7,7,8,8,8,8,8,6,6,6,6,7,7
R_cZPwdYRF32GxjPP,2020-08-10 23:28:06,2020-08-10 23:34:25,IP Address,157.50.62.112,100,378,True,2020-08-10 23:34:25.657,13.08599853515625,80.27508544921875,anonymous,EN,30,South Asian,,Male,4,3,2,1,2,1,2,2,3,2,4,4,2,4,1,1,2,2,6,6,6,5,2,3,1,3,3,2,6,2,2,1,2,2,1,1,3,4,8,8,8,7,4,4,6,6,6,2,3,3,6,8,9,7,0,4,2,1,4,3
R_BrjePoOvDAugA7f,2020-08-10 14:47:12,2020-08-10 14:56:39,IP Address,157.50.74.109,100,566,True,2020-08-10 14:56:39.729,13.08599853515625,80.27508544921875,anonymous,EN,27,South Asian,,Male,5,6,4,2,4,3,6,6,6,6,5,6,6,3,5,2,2,4,6,7,7,7,7,7,3,4,4,4,4,2,5,6,5,6,4,4,7,5,6,6,6,7,5,4,6,4,5,3,8,8,9,8,8,8,7,7,7,5,8,5
R_1g7nxwKizoIBHS6,2020-08-10 13:53:41,2020-08-10 13:57:20,IP Address,158.222.234.28,100,218,True,2020-08-10 13:57:20.469,40.664306640625,-73.97630310058594,anonymous,EN,49,White,,Male,6,5,6,5,5,6,4,4,5,3,4,5,3,4,3,2,4,2,6,7,6,6,5,7,4,5,4,4,5,4,4,5,5,5,6,5,6,8,7,7,8,8,4,6,7,6,6,7,5,4,5,5,5,5,5,5,5,5,5,5
R_1hYJjNPLhFzNCo3,2020-08-10 15:13:28,2020-08-10 15:17:28,IP Address,159.250.48.144,100,239,True,2020-08-10 15:17:28.799,40.064605712890625,-79.77559661865234,anonymous,EN,60,White,,Male,5,2,3,4,4,4,3,4,4,4,1,4,1,0,1,0,0,0,6,6,6,7,6,6,6,6,6,6,6,4,6,6,6,6,6,6,7,8,8,8,8,9,5,6,6,6,5,4,5,5,5,5,5,4,2,2,2,1,2,1
R_1omPonK0wAmQwWN,2020-08-10 23:39:27,2020-08-10 23:44:53,IP Address,162.216.142.62,100,325,True,2020-08-10 23:44:53.704,11.00750732421875,76.96710205078125,anonymous,EN,36,South Asian,,Male,4,6,4,8,4,5,4,4,6,3,4,6,9,6,7,6,6,6,4,4,6,7,4,6,6,6,3,3,4,3,4,4,7,4,7,4,7,9,8,7,9,8,4,4,6,4,4,8,8,7,8,8,4,6,7,4,4,4,4,4
R_D8WUT0mv1Jn1Pxv,2020-08-10 18:54:59,2020-08-10 19:01:03,IP Address,171.49.171.58,100,363,True,2020-08-10 19:01:03.928,13.08599853515625,80.27508544921875,anonymous,EN,35,South Asian,,Female,4,4,7,6,4,6,4,4,4,4,4,4,4,6,7,6,6,9,4,6,4,6,4,6,4,4,4,6,4,6,4,8,6,6,6,6,9,9,8,9,9,9,4,4,4,4,4,4,8,6,7,4,7,4,4,4,4,4,4,4
R_1QJDHFRg2cPWCmJ,2020-08-10 19:12:58,2020-08-10 19:18:16,IP Address,171.61.227.145,100,317,True,2020-08-10 19:18:16.724,13.08599853515625,80.27508544921875,anonymous,EN,39,South Asian,,Female,8,7,8,8,8,8,8,8,8,8,8,8,8,8,8,8,8,8,8,8,8,8,8,9,8,8,8,8,8,8,8,8,8,8,8,8,9,9,9,9,9,9,9,8,9,9,9,8,9,9,9,9,9,8,9,9,9,9,9,8
R_DSl1M2IlqXmYKQ1,2020-08-10 20:19:19,2020-08-10 20:25:27,IP Address,171.61.227.235,100,368,True,2020-08-10 20:25:27.869,13.08599853515625,80.27508544921875,anonymous,EN,24,South Asian,,Male,8,4,6,4,7,7,7,2,8,2,2,2,7,6,8,8,6,9,7,8,6,7,6,8,7,6,7,7,9,4,8,7,6,6,6,6,6,7,8,8,7,4,8,8,6,6,7,8,7,6,7,8,4,7,7,4,6,8,7,4
R_z0ViHbuzKhnEVLr,2020-08-10 19:13:40,2020-08-10 19:21:52,IP Address,171.61.227.239,100,491,True,2020-08-10 19:21:52.868,13.08599853515625,80.27508544921875,anonymous,EN,35,South Asian,,Female,4,7,8,6,8,8,6,7,4,4,4,4,6,7,6,7,6,7,6,7,7,6,7,6,2,2,3,3,2,3,6,4,6,6,6,6,9,9,9,9,9,7,7,9,6,7,9,7,7,8,6,9,9,6,6,7,4,4,7,7
R_2QnUAKUcHhOhjXv,2020-08-10 19:13:10,2020-08-10 19:23:53,IP Address,171.61.229.235,100,643,True,2020-08-10 19:23:54.109,13.08599853515625,80.27508544921875,anonymous,EN,35,South Asian,,Male,8,7,7,8,8,7,8,8,8,8,8,7,8,8,8,8,8,8,9,9,8,8,8,8,6,6,7,6,6,6,7,8,6,7,8,7,8,7,8,9,9,9,9,8,9,8,9,6,8,8,8,9,8,8,8,7,6,8,8,8
R_2t54U3AM2czGXRx,2020-08-10 19:34:12,2020-08-10 19:40:22,IP Address,171.61.231.252,100,370,True,2020-08-10 19:40:22.793,13.08599853515625,80.27508544921875,anonymous,EN,35,South Asian,,Male,7,8,9,8,9,8,8,7,8,9,9,8,9,8,9,8,9,7,7,8,8,8,8,8,6,6,8,6,6,7,9,8,8,9,7,8,8,8,9,7,8,9,8,8,8,7,8,8,9,9,9,9,9,8,9,8,8,8,8,8
R_2S2DTURD6QYUATf,2020-08-11 02:29:21,2020-08-11 02:34:31,IP Address,172.3.74.17,100,309,True,2020-08-11 02:34:31.758,37.675201416015625,-120.94650268554688,anonymous,EN,29,White,,Female,7,6,7,7,4,9,0,0,0,0,0,0,1,1,1,2,1,2,0,0,0,0,0,0,0,0,0,0,0,0,0,0,0,0,0,0,7,7,6,7,7,7,7,6,7,6,6,6,8,8,8,8,9,8,0,0,0,0,0,0
R_2ypXbGuesQNe4ti,2020-08-10 15:56:11,2020-08-10 16:03:38,IP Address,172.56.11.122,100,446,True,2020-08-10 16:03:38.598,42.4248046875,-83.19509887695312,anonymous,EN,39,Black,,Female,4,5,4,5,4,4,4,4,4,4,4,4,4,4,4,5,4,4,6,7,7,7,6,7,4,4,4,4,4,4,4,4,4,4,5,4,5,5,5,5,5,5,5,6,5,5,6,5,5,5,5,5,5,5,4,5,5,4,5,5
R_d5dNE7Uuf0NOUhP,2020-08-10 13:48:34,2020-08-10 13:54:57,IP Address,172.58.23.226,100,382,True,2020-08-10 13:54:57.826,33.81599426269531,-117.96920013427734,anonymous,EN,44,East Asian,,Male,6,7,6,6,7,7,6,6,6,6,6,6,6,6,6,6,6,6,8,8,8,8,8,7,6,6,6,6,6,6,7,7,7,7,7,6,8,8,8,8,8,9,8,8,9,8,8,7,7,8,8,8,8,8,6,6,6,6,6,6
R_3PtxlSqTQrYUVrB,2020-08-10 23:58:56,2020-08-11 00:01:56,IP Address,173.16.56.81,100,179,True,2020-08-11 00:01:57.181,43.0426025390625,-91.11930084228516,anonymous,EN,28,White,,Male,8,8,8,8,8,8,2,2,2,2,1,2,2,3,4,4,4,3,4,3,3,4,2,3,2,2,3,2,3,2,2,5,2,3,3,2,6,6,7,6,6,7,8,8,8,8,8,8,7,8,7,8,8,7,6,3,6,4,4,4
R_OuTws5RBbifns3f,2020-08-10 13:48:19,2020-08-10 13:53:42,IP Address,173.187.58.39,100,323,True,2020-08-10 13:53:42.552,35.86839294433594,-80.31500244140625,anonymous,EN,32,White,,Male,5,5,6,6,4,6,3,4,5,3,2,5,5,3,2,2,2,2,7,8,7,7,7,7,5,7,8,6,7,6,4,5,5,5,6,4,6,5,5,5,5,6,5,6,8,6,6,5,6,6,6,7,6,6,5,5,3,5,5,5
R_0MS2mJrnh0Zmc1z,2020-08-10 14:01:05,2020-08-10 14:05:55,IP Address,173.63.141.147,100,289,True,2020-08-10 14:05:55.679,41.06309509277344,-74.1436996459961,anonymous,EN,40,White,,Female,4,2,4,2,6,4,1,1,1,1,1,1,2,1,1,1,1,1,3,6,3,6,3,3,0,0,0,0,0,0,1,1,1,1,1,1,2,3,3,3,3,4,3,2,4,2,2,2,5,4,4,6,5,4,6,5,5,5,4,5
R_2PiAj0SUu7p0fj8,2020-08-10 18:39:00,2020-08-10 18:45:16,IP Address,173.80.140.146,100,375,True,2020-08-10 18:45:16.424,38.42030334472656,-81.99469757080078,anonymous,EN,36,White,,Female,3,6,7,6,6,4,6,7,7,4,7,7,7,6,6,8,7,4,4,8,8,4,8,8,8,7,6,6,6,4,8,8,7,8,8,8,7,7,6,6,6,8,7,7,9,7,7,7,6,7,8,8,8,8,8,8,7,3,7,7
R_3O6tvkcwFSXjMYB,2020-08-10 18:20:19,2020-08-10 18:27:47,IP Address,173.88.8.208,100,447,True,2020-08-10 18:27:47.724,40.74159240722656,-84.1521987915039,anonymous,EN,60,White,,Female,6,4,2,4,4,4,2,4,4,4,2,2,3,2,1,2,2,2,4,6,4,6,6,4,7,6,6,6,7,7,2,6,5,7,5,1,7,8,7,7,8,8,8,8,7,8,8,7,6,7,6,7,8,7,2,2,2,2,2,2
R_1rGLiDjiIqFV5KZ,2020-08-10 17:47:18,2020-08-10 17:52:35,IP Address,174.100.231.122,100,317,True,2020-08-10 17:52:36.123,39.90460205078125,-82.97029876708984,anonymous,EN,40,White,,Male,4,3,4,3,3,3,1,1,1,1,1,1,2,2,2,2,2,2,4,4,4,4,4,4,4,4,4,4,4,4,2,2,2,2,2,2,4,6,6,6,6,6,5,5,5,5,5,5,5,4,6,5,5,5,4,4,5,4,4,4
R_9tYnCxTIMXf3rPP,2020-08-10 18:40:14,2020-08-10 18:43:18,IP Address,174.106.136.64,100,184,True,2020-08-10 18:43:18.763,34.43440246582031,-77.92340087890625,anonymous,EN,50,White,,Female,7,6,7,7,7,7,2,3,4,4,4,3,2,3,3,2,2,2,8,8,8,8,8,8,3,3,3,3,3,4,4,5,5,5,5,4,8,8,8,8,8,8,7,7,8,7,7,7,7,7,7,8,8,7,3,4,3,4,4,3
R_2mposcdAIFcJx2V,2020-08-10 13:58:01,2020-08-10 14:02:39,IP Address,174.126.143.151,100,278,True,2020-08-10 14:02:40.246,33.47959899902344,-88.35279846191406,anonymous,EN,44,White,,Female,4,8,5,4,6,5,4,3,4,2,5,4,3,2,2,3,4,4,4,6,8,7,4,7,3,3,3,2,3,1,5,6,6,6,5,3,7,8,6,6,7,6,3,7,6,7,6,6,4,7,6,7,6,6,7,6,6,7,6,5
R_RJq56wsdgqQkxt7,2020-08-10 14:08:41,2020-08-10 14:15:10,IP Address,174.128.250.18,100,388,True,2020-08-10 14:15:10.578,39.75010681152344,-104.99569702148438,anonymous,EN,37,"White,East Asian",,Female,5,6,6,6,6,6,4,4,6,5,5,7,3,5,7,6,4,6,6,6,6,7,7,8,2,2,2,1,2,1,3,4,4,6,6,4,6,6,6,6,7,6,6,6,7,6,7,6,7,6,7,7,7,7,4,5,5,5,5,5
R_28NZRiY62IRtSkv,2020-08-10 14:12:12,2020-08-10 14:16:35,IP Address,174.86.63.194,100,262,True,2020-08-10 14:16:35.611,38.575897216796875,-90.5167007446289,anonymous,EN,33,White,,Male,8,8,9,8,9,9,3,4,4,4,4,3,5,4,5,5,5,5,8,9,9,9,8,9,6,5,6,6,6,5,3,4,4,5,5,3,10,9,9,10,10,10,7,7,8,8,8,7,8,9,8,8,7,9,7,8,8,8,8,8
R_31sDHkdv5gyfskA,2020-08-10 18:51:03,2020-08-10 18:56:08,IP Address,174.97.184.89,100,304,True,2020-08-10 18:56:08.865,44.437103271484375,-88.07949829101562,anonymous,EN,69,White,,Male,6,5,5,5,5,6,2,2,2,3,3,3,4,4,5,3,3,4,5,6,5,5,4,5,6,5,6,6,6,6,6,6,5,5,5,5,6,7,6,7,7,8,6,5,6,5,5,6,6,5,5,5,6,6,3,3,4,3,4,3
R_1ZkTalzR2k1NVmN,2020-08-10 18:20:26,2020-08-10 18:26:54,IP Address,183.83.255.205,100,387,True,2020-08-10 18:26:54.843,17.680099487304688,83.20159912109375,anonymous,EN,34,South Asian,,Female,3,3,3,3,3,3,2,2,3,2,2,2,4,4,4,4,4,5,6,6,6,6,6,6,2,2,2,2,2,2,7,7,6,7,7,7,7,7,7,7,7,7,8,8,8,8,8,8,6,6,6,6,6,6,2,3,2,2,3,3
R_bmDOggdEY5b31uN,2020-08-10 14:34:54,2020-08-10 14:42:09,IP Address,184.16.96.179,100,435,True,2020-08-10 14:42:10.010,41.14680480957031,-85.20670318603516,anonymous,EN,41,"White,East Asian",,Female,5,6,6,7,8,7,2,3,4,3,3,4,3,3,2,3,3,4,6,6,4,7,5,8,2,4,4,5,4,3,4,4,4,5,5,4,5,6,6,8,7,7,3,5,7,6,6,5,4,5,4,5,5,5,5,5,4,4,4,4
R_12nbzdTGePomd6r,2020-08-10 14:02:38,2020-08-10 14:07:28,IP Address,208.186.119.162,100,290,True,2020-08-10 14:07:28.451,38.94880676269531,-104.7677001953125,anonymous,EN,32,White,,Male,6,6,7,5,7,7,4,6,5,5,4,5,4,3,2,3,3,4,6,7,7,7,7,7,4,6,5,5,5,5,4,5,5,5,6,5,6,6,6,7,7,6,7,9,8,8,8,8,5,8,8,8,9,8,4,6,5,5,6,5
R_1C4v9Zz01ATZVE8,2020-08-10 19:11:05,2020-08-10 19:17:05,IP Address,209.6.244.79,100,359,True,2020-08-10 19:17:05.974,42.27960205078125,-71.1281967163086,anonymous,EN,46,White,,Male,7,7,7,7,4,6,5,6,6,7,7,6,4,6,3,4,4,5,7,7,7,6,7,7,4,4,6,4,5,4,4,4,6,4,4,4,9,9,7,8,8,8,8,7,8,8,7,7,7,7,6,6,8,6,7,6,6,4,4,4
R_3Mum6VFhRPiRcqc,2020-08-10 18:52:23,2020-08-10 18:56:09,IP Address,216.164.112.118,100,225,True,2020-08-10 18:56:09.605,40.69859313964844,-75.4833984375,anonymous,EN,36,White,,Male,6,7,7,7,7,7,1,1,1,1,1,2,3,3,3,3,3,3,4,4,4,4,4,4,2,2,2,3,3,2,2,2,2,2,2,2,8,7,8,7,8,8,6,6,7,7,6,7,7,6,7,7,7,6,4,4,4,4,4,4
R_21udxgDUwA2Qlpv,2020-08-10 14:10:56,2020-08-10 14:15:27,IP Address,216.75.125.170,100,271,True,2020-08-10 14:15:27.914,41.82200622558594,-103.66290283203125,anonymous,EN,28,White,,Male,6,6,6,6,6,6,1,2,2,1,2,2,5,2,2,3,4,4,3,3,4,3,3,4,2,2,1,2,2,2,2,3,3,3,3,3,8,7,5,5,7,7,5,6,6,6,4,7,7,3,8,8,6,7,2,3,3,2,3,3
R_322NWaZELIiXShA,2020-08-10 18:47:42,2020-08-10 18:55:05,IP Address,223.181.209.85,100,442,True,2020-08-10 18:55:05.675,11.00750732421875,76.96710205078125,anonymous,EN,26,South Asian,,Female,9,9,9,9,9,8,9,9,9,9,9,9,9,9,9,9,9,9,9,9,9,9,8,9,9,9,9,9,9,7,9,9,9,9,9,8,9,8,9,9,9,8,8,8,8,8,6,8,9,9,9,6,9,9,9,9,9,9,9,9
R_2WCjALfoV9CBjPg,2020-08-10 20:34:01,2020-08-10 20:48:29,IP Address,223.238.10.184,100,867,True,2020-08-10 20:48:29.517,13.641006469726562,79.42098999023438,anonymous,EN,45,South Asian,,Male,2,2,1,2,2,1,6,6,6,6,6,6,4,4,4,4,4,4,4,3,4,4,4,4,7,7,7,7,7,7,7,6,6,6,6,6,7,8,9,9,9,8,7,8,8,8,6,6,8,8,8,8,8,8,3,3,3,3,3,3
R_2dmZrLw6ynEMwDW,2020-08-10 18:27:18,2020-08-10 18:34:57,IP Address,223.238.35.197,100,458,True,2020-08-10 18:34:57.299,16.507400512695312,80.6466064453125,anonymous,EN,37,South Asian,,Male,4,4,4,4,4,4,3,3,3,3,3,3,5,5,5,5,5,5,6,6,6,6,6,6,1,1,1,1,1,1,8,8,8,8,8,8,8,8,8,8,8,8,9,9,9,9,9,9,7,7,7,7,6,6,3,3,3,3,3,3
R_31SGF7j9ZRmyjUk,2020-08-10 16:20:08,2020-08-10 16:26:07,IP Address,23.127.73.136,100,358,True,2020-08-10 16:26:07.525,30.242294311523438,-97.76719665527344,anonymous,EN,48,White,,Female,3,3,3,3,4,3,2,2,2,2,2,2,2,2,2,1,1,2,4,5,6,6,6,6,3,4,3,2,2,3,3,4,4,4,3,3,7,7,7,7,7,7,4,4,4,4,5,5,5,5,5,6,6,6,3,3,2,3,3,3
R_3KAvK77yLQDm28u,2020-08-10 21:03:10,2020-08-10 21:16:46,IP Address,24.127.157.111,100,816,True,2020-08-10 21:16:47.249,42.68299865722656,-83.38800048828125,anonymous,EN,39,White,,Male,4,5,7,6,6,7,3,2,3,2,1,2,3,4,3,4,4,3,5,5,4,4,4,4,5,6,5,5,7,5,6,6,5,5,5,5,8,7,8,7,7,7,5,8,8,7,7,7,5,5,6,5,6,6,5,3,5,4,4,4
R_1lm0NTcnh93KpQ4,2020-08-10 15:51:13,2020-08-10 15:55:15,IP Address,24.131.146.76,100,241,True,2020-08-10 15:55:15.990,44.99980163574219,-93.39299774169922,anonymous,EN,39,White,,Male,5,5,6,5,5,5,4,4,4,3,4,4,4,4,4,4,3,4,5,5,6,5,5,5,5,4,6,5,5,4,5,6,5,6,6,5,5,4,4,4,4,4,4,4,4,4,5,3,5,5,5,5,5,6,4,4,4,4,4,4
R_2l7O8KHPhxqMD0l,2020-08-10 20:08:58,2020-08-10 20:14:15,IP Address,24.167.160.145,100,317,True,2020-08-10 20:14:16.169,36.032196044921875,-79.85880279541016,anonymous,EN,68,White,,Female,5,7,7,7,7,7,5,5,6,6,6,6,6,6,6,6,6,6,7,8,8,8,8,8,7,7,7,7,7,6,7,7,7,7,7,7,7,8,8,8,8,8,7,8,8,8,7,7,7,7,7,7,7,7,6,6,7,6,7,7
R_3m4Y0YuSEJH507F,2020-08-10 14:00:28,2020-08-10 14:05:19,IP Address,24.171.75.95,100,290,True,2020-08-10 14:05:19.655,38.31709289550781,-88.9136962890625,anonymous,EN,40,White,,Male,6,5,5,3,7,5,3,7,6,3,3,3,6,7,3,1,3,4,1,6,5,4,4,4,4,4,4,5,4,4,3,7,6,5,6,5,6,8,8,4,7,7,3,7,6,7,6,6,2,6,6,7,6,7,6,3,4,3,4,4
R_31LYuKszzCrDTg7,2020-08-10 14:08:02,2020-08-10 14:11:58,IP Address,24.18.153.117,100,236,True,2020-08-10 14:11:59.338,47.32359313964844,-122.31869506835938,anonymous,EN,30,White,,Male,4,4,4,5,5,5,4,3,3,3,3,3,3,3,3,3,3,3,4,5,4,4,4,4,3,4,4,4,4,4,4,4,4,4,4,4,6,6,6,6,6,6,4,5,6,4,5,5,7,8,7,8,8,8,5,5,5,4,4,4
R_2BgJvTrlahHWmGZ,2020-08-10 18:15:05,2020-08-10 18:21:45,IP Address,24.225.114.170,100,400,True,2020-08-10 18:21:46.102,48.704803466796875,-95.75039672851562,anonymous,EN,40,White,,Male,6,6,5,5,6,6,1,2,1,1,1,1,1,1,1,1,1,1,3,3,3,3,3,2,1,1,1,1,1,0,2,1,2,1,2,2,8,8,8,8,8,8,6,5,6,6,6,6,6,5,6,6,5,5,2,3,3,3,2,3
R_1dHbwXnEBn2ZmpV,2020-08-10 14:41:21,2020-08-10 14:45:02,IP Address,24.233.108.39,100,221,True,2020-08-10 14:45:03.088,43.28739929199219,-71.33519744873047,anonymous,EN,43,White,,Male,4,4,4,4,4,4,4,5,4,5,4,4,2,2,2,2,2,2,8,6,6,6,6,6,5,6,6,6,6,6,5,6,6,6,5,5,8,8,8,8,8,8,5,5,5,5,6,6,4,6,5,6,6,5,4,4,4,4,4,5
R_2ykKU6BBdhMYhDA,2020-08-10 14:08:22,2020-08-10 14:14:19,IP Address,24.24.154.168,100,356,True,2020-08-10 14:14:22.116,34.20030212402344,-118.40449523925781,anonymous,EN,57,White,,Female,7,7,7,6,7,7,5,5,5,5,6,5,5,5,5,5,5,5,8,9,9,8,8,8,7,7,6,7,7,3,5,5,5,5,5,6,8,8,8,8,8,8,7,7,7,8,7,7,7,7,7,5,6,5,6,5,6,6,8,7
R_2w4x11MsWbr99U3,2020-08-10 15:37:05,2020-08-10 15:44:01,IP Address,24.35.178.171,100,416,True,2020-08-10 15:44:01.869,34.85040283203125,-92.40889739990234,anonymous,EN,30,White,,Male,6,8,8,7,8,7,4,6,6,4,5,6,3,2,3,2,3,4,7,7,8,7,7,7,6,5,5,5,5,4,6,6,6,5,5,4,8,7,7,7,6,8,6,7,8,7,7,7,6,6,7,7,7,6,6,6,6,6,6,5
R_3g0e90YEQbD53AU,2020-08-10 15:02:48,2020-08-10 15:07:37,IP Address,24.88.2.202,100,289,True,2020-08-10 15:07:37.974,36.50019836425781,-80.61630249023438,anonymous,EN,40,Black,,Female,3,6,4,6,7,6,2,2,4,4,1,5,1,1,0,2,0,0,7,6,5,7,4,5,0,0,0,0,0,0,6,5,5,5,5,5,6,6,8,7,7,5,4,5,7,7,5,4,3,4,5,6,5,3,6,9,6,6,8,8
R_qJTcyuqK6M0VQc1,2020-08-10 14:46:55,2020-08-10 14:52:33,IP Address,24.89.22.190,100,338,True,2020-08-10 14:52:34.087,39.63429260253906,-77.73370361328125,anonymous,EN,29,White,,Male,4,6,6,5,5,6,4,5,6,2,6,7,4,3,3,3,4,4,7,8,8,7,7,7,6,6,5,4,6,3,4,7,4,4,6,4,6,6,6,7,8,7,5,8,7,6,7,7,7,8,7,7,7,7,5,5,7,5,6,7
R_22VURxJbWwidSgO,2020-08-10 14:00:37,2020-08-10 14:06:01,IP Address,24.91.180.31,100,323,True,2020-08-10 14:06:01.582,42.069000244140625,-72.6760025024414,anonymous,EN,41,White,,Female,6,6,4,5,6,6,5,5,5,5,5,5,4,4,4,4,4,4,7,7,7,7,7,7,5,5,5,5,5,5,4,4,4,4,4,4,8,8,8,8,8,8,7,7,7,7,7,7,5,5,5,7,5,5,5,4,4,5,5,5
R_2DN5zD0UlZdvKHx,2020-08-10 14:36:17,2020-08-10 14:40:25,IP Address,24.98.115.208,100,247,True,2020-08-10 14:40:25.563,33.2406005859375,-84.27130126953125,anonymous,EN,33,Black,,Male,5,5,5,4,5,5,3,2,3,3,2,2,4,3,4,4,3,4,3,3,3,3,3,4,1,3,3,3,1,1,3,3,3,3,3,3,6,5,6,7,7,6,6,6,7,6,6,6,5,6,6,6,7,5,3,3,2,3,2,3
R_bj866uo66iOct45,2020-08-10 14:00:44,2020-08-10 14:06:56,IP Address,35.136.195.181,100,371,True,2020-08-10 14:06:56.382,28.993804931640625,-82.42410278320312,anonymous,EN,47,"White,East Asian",,Male,7,6,6,6,6,8,2,2,2,2,2,3,5,5,5,5,5,4,3,3,4,3,3,3,3,3,3,3,3,2,4,4,4,4,4,4,8,7,8,7,8,8,6,6,6,6,6,6,6,6,5,6,7,6,3,4,4,4,4,4
R_2qqJZZr4XWf4CQ1,2020-08-10 16:17:36,2020-08-10 16:26:08,IP Address,38.126.71.6,100,511,True,2020-08-10 16:26:08.575,45.52879333496094,-122.68209838867188,anonymous,EN,41,White,,Male,3,4,5,4,2,3,2,2,2,3,2,4,3,3,3,3,3,3,7,7,7,7,7,7,5,5,5,5,5,5,6,6,6,6,6,6,6,8,8,8,8,8,8,10,8,8,8,8,5,5,5,5,5,5,7,7,7,7,7,7
R_z39edv1Ln7gT6jn,2020-08-10 14:12:38,2020-08-10 14:17:44,IP Address,40.133.173.75,100,306,True,2020-08-10 14:17:45.110,41.3721923828125,-82.10870361328125,anonymous,EN,30,White,,Female,6,6,6,7,6,7,6,5,6,6,6,6,2,3,3,3,3,2,7,6,7,7,7,7,5,6,7,5,5,5,5,7,6,5,6,6,7,7,7,7,7,7,7,7,7,7,6,6,7,7,7,7,7,7,7,6,6,6,7,7
R_3GivLf6cd08LOtg,2020-08-10 21:42:30,2020-08-10 21:52:45,IP Address,42.106.184.218,100,615,True,2020-08-10 21:52:46.021,11.653793334960938,78.1553955078125,anonymous,EN,37,South Asian,,Male,6,6,6,4,4,4,3,6,6,6,6,6,5,4,4,4,4,8,7,7,7,8,7,7,2,6,1,2,2,3,2,2,2,2,2,2,10,10,10,10,10,9,9,8,8,7,7,8,8,6,9,4,7,6,3,2,2,3,2,3
R_d10MGEYMq3bEc6Z,2020-08-10 18:51:20,2020-08-10 18:58:29,IP Address,42.109.135.47,100,429,True,2020-08-10 18:58:30.202,13.08599853515625,80.27508544921875,anonymous,EN,34,South Asian,,Male,4,5,4,4,4,4,2,2,2,2,4,2,5,5,5,5,5,5,5,5,7,6,6,6,5,6,6,6,6,4,6,6,6,6,6,6,9,10,10,10,10,10,8,8,9,8,9,9,8,7,8,8,8,9,7,6,7,7,6,7
R_2vY9xppJOzrTsoS,2020-08-10 19:52:38,2020-08-10 20:07:08,IP Address,42.109.138.9,100,870,True,2020-08-10 20:07:09.175,10.804794311523438,78.70480346679688,anonymous,EN,29,South Asian,,Male,5,5,6,6,3,3,3,3,3,3,3,4,2,2,3,2,2,2,6,6,7,6,6,6,3,3,3,3,4,2,6,6,6,6,6,6,7,6,6,6,6,6,6,6,6,6,5,6,6,4,6,6,6,6,5,5,4,5,4,5
R_1HjekMYTDSMDzP1,2020-08-10 18:36:57,2020-08-10 18:45:29,IP Address,42.111.161.89,100,511,True,2020-08-10 18:45:29.409,13.08599853515625,80.27508544921875,anonymous,EN,35,South Asian,,Male,4,6,5,6,5,6,4,4,5,5,5,5,4,6,6,6,6,6,6,7,7,7,7,7,4,4,4,4,4,3,6,6,6,6,6,6,7,7,7,8,6,7,6,3,6,4,5,5,6,7,7,6,6,6,6,5,5,5,5,4
R_yO3IFxBd9iuqgM1,2020-08-10 14:07:51,2020-08-10 14:11:18,IP Address,47.196.110.241,100,206,True,2020-08-10 14:11:18.591,27.9031982421875,-82.29109954833984,anonymous,EN,33,White,,Male,9,9,10,9,8,9,3,4,1,3,4,3,6,5,3,8,3,6,9,8,7,6,4,7,3,5,6,5,9,5,8,7,8,6,7,8,9,9,8,9,8,9,9,9,7,10,9,9,9,9,9,9,8,9,9,9,9,7,9,7
R_10x6NuYcnOpHVp9,2020-08-10 21:14:33,2020-08-10 21:23:33,IP Address,47.29.206.234,100,540,True,2020-08-10 21:23:34.139,26.183303833007812,91.74539184570312,anonymous,EN,41,South Asian,,Male,5,4,6,4,4,4,3,3,4,4,3,3,4,4,5,4,4,5,5,4,5,6,3,4,5,6,6,6,5,6,5,6,6,6,6,6,6,7,7,8,6,6,6,8,8,8,7,7,6,6,7,6,6,4,5,5,5,5,5,4
R_12Mw5nCK7SzKyUJ,2020-08-10 18:14:59,2020-08-10 18:20:42,IP Address,47.39.188.126,100,342,True,2020-08-10 18:20:42.563,34.03889465332031,-84.38259887695312,anonymous,EN,60,White,,Female,7,7,7,7,7,7,6,6,6,7,7,6,6,6,6,4,6,4,8,8,8,8,8,8,7,8,8,8,8,8,7,7,7,8,7,8,7,7,8,7,9,8,7,7,7,7,7,7,6,7,7,7,7,7,8,7,8,8,8,7
R_2xFuiM1Z6HjgxqU,2020-08-10 18:49:13,2020-08-10 18:54:43,IP Address,47.5.77.115,100,329,True,2020-08-10 18:54:43.519,41.42469787597656,-105.47810363769531,anonymous,EN,40,East Asian,,Male,3,2,3,3,3,3,3,3,2,3,3,2,3,3,2,2,4,2,5,5,5,5,4,5,2,4,4,3,2,3,3,5,5,5,5,3,7,6,6,6,6,6,7,7,8,8,8,7,8,4,8,8,8,8,5,5,5,5,5,5
R_1GBymoHArZmjWAP,2020-08-10 18:58:58,2020-08-10 19:04:18,IP Address,49.204.128.189,100,319,True,2020-08-10 19:04:18.423,11.00750732421875,76.96710205078125,anonymous,EN,39,South Asian,,Female,4,4,4,4,4,4,6,6,5,6,6,6,4,4,4,4,4,4,5,5,6,5,5,5,6,6,6,6,5,6,6,6,6,6,6,6,4,6,4,6,7,6,6,6,7,6,6,7,7,7,7,7,7,7,3,3,3,3,3,3
R_POPzUZuivMzBtdf,2020-08-10 19:18:37,2020-08-10 19:25:03,IP Address,49.205.154.148,100,385,True,2020-08-10 19:25:03.596,11.00750732421875,76.96710205078125,anonymous,EN,37,South Asian,,Male,4,5,5,4,5,5,4,4,4,4,4,4,4,4,4,4,4,4,6,6,6,6,6,6,6,6,6,6,6,6,5,5,5,5,5,5,6,6,6,6,6,6,4,6,6,5,5,6,5,5,6,5,5,5,5,5,5,5,5,5
R_zZPXh4rXHw7iA37,2020-08-10 13:48:06,2020-08-10 13:53:58,IP Address,49.206.124.34,100,352,True,2020-08-10 13:53:59.108,13.08599853515625,80.27508544921875,anonymous,EN,31,South Asian,,Male,6,4,3,4,4,4,2,0,0,0,0,0,2,2,7,2,2,2,2,4,3,3,3,3,4,3,2,3,2,2,3,3,3,3,2,2,8,8,7,7,7,8,4,4,6,4,4,4,5,5,5,5,5,5,4,4,4,4,4,4
R_1rogdfRVn90YA4Z,2020-08-10 14:15:41,2020-08-10 14:21:00,IP Address,49.206.35.239,100,318,True,2020-08-10 14:21:00.407,17.384597778320312,78.4573974609375,anonymous,EN,41,,,Male,6,6,6,6,6,6,3,4,4,4,4,6,6,5,4,6,6,6,6,7,7,7,6,6,4,3,4,4,4,1,6,6,6,6,6,6,6,6,6,6,6,6,6,6,6,7,6,7,6,7,6,6,7,6,6,6,6,6,6,6
R_2urItoFcfhGMu4E,2020-08-10 13:50:45,2020-08-10 14:12:07,IP Address,49.37.200.149,100,1281,True,2020-08-10 14:12:07.532,12.97210693359375,77.59329223632812,anonymous,EN,32,South Asian,,Male,3,6,8,6,8,4,7,6,10,7,6,8,7,8,7,8,7,6,7,7,9,10,6,10,9,2,6,7,8,7,8,6,4,9,8,4,10,7,8,9,10,10,8,7,10,10,8,10,7,10,10,7,7,10,9,7,10,7,8,9
R_2OITofPUvheRnFd,2020-08-10 17:53:21,2020-08-10 17:58:55,IP Address,50.83.153.216,100,333,True,2020-08-10 17:58:55.535,39.47959899902344,-88.37550354003906,anonymous,EN,41,Other,black hispanic,Male,5,6,5,5,5,5,0,0,0,0,0,0,4,5,5,5,5,5,0,0,0,0,0,0,0,0,0,2,0,0,0,0,0,0,0,0,5,6,6,6,6,6,7,6,6,6,7,7,5,6,5,5,7,6,0,0,0,0,0,0
R_Ab2NrSukHqfSePv,2020-08-10 14:51:41,2020-08-10 15:04:51,IP Address,51.37.56.127,100,789,True,2020-08-10 15:04:51.705,53.20280456542969,-6.098297119140625,anonymous,EN,34,White,,Male,6,6,6,6,6,6,4,3,3,4,3,4,6,3,5,5,4,4,3,3,3,5,4,5,3,4,4,4,4,4,3,3,4,3,3,3,7,8,8,7,8,7,5,5,6,6,6,5,5,5,6,5,5,5,3,4,4,4,3,4
R_3h5cnPh1HYbsQRi,2020-08-10 18:14:41,2020-08-10 18:21:36,IP Address,59.92.30.17,100,414,True,2020-08-10 18:21:36.552,11.653793334960938,78.1553955078125,anonymous,EN,39,South Asian,,Male,6,3,3,4,7,4,9,8,9,9,9,8,8,8,8,7,8,8,8,7,7,8,7,8,8,7,8,7,8,7,8,9,9,7,8,7,7,6,6,8,9,7,6,6,7,6,6,7,9,6,10,9,8,7,6,6,6,6,6,6
R_1OlSh3HlzH5vv33,2020-08-10 23:16:52,2020-08-10 23:24:05,IP Address,59.92.30.203,100,432,True,2020-08-10 23:24:05.439,11.653793334960938,78.1553955078125,anonymous,EN,42,South Asian,,Male,4,3,1,4,4,3,6,6,6,7,7,7,3,6,6,6,7,6,7,6,7,6,6,8,7,6,6,8,6,6,7,6,7,7,6,7,7,7,7,7,7,7,4,5,4,6,5,4,8,7,8,9,8,5,6,6,5,8,5,6
R_1IM0Nol0aKgvc3q,2020-08-10 13:54:34,2020-08-10 13:58:45,IP Address,65.114.124.139,100,251,True,2020-08-10 13:58:46.001,36.60890197753906,-88.3031005859375,anonymous,EN,38,White,,Male,4,6,6,6,7,7,2,2,4,3,4,4,4,6,6,6,6,6,3,4,6,5,5,6,3,6,4,4,5,2,4,5,3,4,5,3,6,8,9,8,8,8,6,6,6,6,6,7,5,7,7,7,8,8,5,4,6,5,5,6
R_3sB8UhFkkd3YidO,2020-08-10 19:05:29,2020-08-10 19:17:16,IP Address,65.185.101.21,100,707,True,2020-08-10 19:17:16.707,41.44810485839844,-82.0177001953125,anonymous,EN,40,White,,Male,7,7,8,7,7,6,3,3,3,3,3,4,2,3,1,4,7,7,6,6,5,4,4,3,4,5,5,5,5,5,3,8,4,3,4,4,9,7,6,5,7,5,8,4,8,7,8,7,7,9,8,7,8,7,7,4,4,4,4,7
R_10TWsRwqmthdqaK,2020-08-10 14:50:42,2020-08-10 14:55:29,IP Address,66.222.54.93,100,286,True,2020-08-10 14:55:29.595,42.76319885253906,-88.19740295410156,anonymous,EN,40,White,,Female,7,6,6,6,6,7,4,4,4,4,4,4,5,5,6,5,6,5,5,7,6,6,6,6,3,3,4,3,3,3,3,6,3,3,3,3,6,6,6,6,7,7,7,8,7,8,7,8,6,6,8,8,6,6,7,7,7,7,7,7
R_1d4xw6gcsdt0dks,2020-08-10 20:36:16,2020-08-10 20:44:20,IP Address,67.183.235.220,100,484,True,2020-08-10 20:44:20.666,47.90049743652344,-122.24720001220703,anonymous,EN,47,White,,Female,2,1,1,1,1,1,2,3,2,3,2,3,2,4,3,3,6,4,3,5,5,6,7,5,4,4,3,3,3,3,4,5,5,4,5,3,5,6,8,8,8,8,5,6,8,6,6,6,7,6,7,7,7,6,5,7,7,4,7,5
R_1jB5aJrhvF7xdtH,2020-08-10 15:54:31,2020-08-10 15:59:44,IP Address,67.188.112.154,100,312,True,2020-08-10 15:59:44.527,37.385894775390625,-122.08819580078125,anonymous,EN,27,White,,Female,4,5,3,5,5,5,1,1,2,2,2,3,3,3,2,3,4,4,6,6,7,7,6,7,6,5,6,5,4,4,4,5,6,6,5,4,6,8,8,8,8,8,6,4,7,6,4,4,8,7,7,6,8,8,5,6,7,7,8,7
R_3PQP2mTUlIJJJN9,2020-08-10 13:48:56,2020-08-10 13:52:04,IP Address,67.244.48.61,100,187,True,2020-08-10 13:52:04.457,43.6842041015625,-70.28160095214844,anonymous,EN,27,White,,Female,4,4,4,4,4,4,2,3,2,2,3,2,4,4,3,4,3,4,9,9,9,9,9,9,4,6,3,4,3,3,6,7,7,7,6,7,6,6,5,7,6,5,7,7,7,7,7,6,6,6,7,6,6,6,5,7,4,5,6,5
R_2UXBsTCKjf4Y2Dy,2020-08-10 14:39:47,2020-08-10 14:46:28,IP Address,67.245.214.21,100,401,True,2020-08-10 14:46:28.458,41.7218017578125,-74.41410064697266,anonymous,EN,43,White,,Male,7,8,10,7,7,8,5,5,7,5,5,5,6,5,7,7,5,6,8,9,8,9,9,10,7,7,7,7,8,7,7,7,7,8,7,7,10,10,10,10,10,10,6,9,9,8,6,8,7,8,8,8,9,8,9,7,8,8,7,7
R_1CqLfnMEw0kwIgk,2020-08-10 14:02:04,2020-08-10 14:08:16,IP Address,67.249.189.129,100,371,True,2020-08-10 14:08:16.577,43.03070068359375,-74.98760223388672,anonymous,EN,64,White,,Male,2,3,2,2,3,2,7,4,6,5,4,6,2,1,2,1,2,2,10,10,10,10,10,10,7,8,7,7,7,7,6,7,7,7,7,6,8,7,7,8,8,8,8,9,9,8,8,8,8,8,8,8,8,8,9,8,9,9,8,9
R_1PSjlD8pR3W8XdP,2020-08-10 16:44:48,2020-08-10 16:50:12,IP Address,67.82.3.6,100,323,True,2020-08-10 16:50:12.790,40.64689636230469,-73.93440246582031,anonymous,EN,32,White,,Male,7,6,4,6,7,7,2,2,2,2,2,2,2,3,2,2,3,3,7,6,7,7,6,6,6,6,6,6,6,6,6,6,6,6,6,6,8,8,8,8,8,8,8,8,8,8,8,8,7,7,8,8,8,8,7,7,7,7,7,7
R_UFvKBCFmZNVr9Tz,2020-08-11 04:37:32,2020-08-11 04:41:33,IP Address,68.14.30.35,100,240,True,2020-08-11 04:41:34.009,41.960906982421875,-72.79570007324219,anonymous,EN,40,White,,Male,5,5,5,4,4,5,1,1,2,1,1,1,1,2,2,1,2,1,5,6,5,5,5,6,4,4,4,5,5,4,3,3,3,4,3,3,9,10,9,10,9,10,9,9,9,10,10,9,6,7,6,7,6,7,4,5,4,4,5,4
R_28TbIRtxhyOxzK8,2020-08-10 14:52:12,2020-08-10 14:59:43,IP Address,68.196.71.190,100,450,True,2020-08-10 14:59:43.894,40.65980529785156,-73.63710021972656,anonymous,EN,37,White,,Female,6,7,7,7,7,7,6,6,6,6,6,6,5,4,4,4,4,5,7,7,7,7,7,7,5,6,6,6,5,6,6,6,6,6,6,7,7,7,6,7,7,7,6,6,7,7,6,7,7,4,7,7,6,6,8,8,8,8,8,8
R_3PzCgUc8b5onLvh,2020-08-10 14:02:19,2020-08-10 14:05:56,IP Address,68.55.94.91,100,216,True,2020-08-10 14:05:56.317,42.65629577636719,-83.12310028076172,anonymous,EN,33,White,,Male,7,7,7,7,7,8,3,2,3,3,3,3,3,3,3,3,3,3,5,5,6,5,3,5,4,4,4,4,4,4,5,5,5,5,5,5,7,7,8,8,8,7,4,4,6,5,5,5,6,7,6,7,7,6,4,4,4,4,4,4
R_33x3663fj7SShpM,2020-08-10 13:48:04,2020-08-10 13:52:48,IP Address,68.64.118.38,100,283,True,2020-08-10 13:52:48.338,37.37939453125,-82.95230102539062,anonymous,EN,30,White,,Male,5,4,5,5,4,4,2,1,2,2,2,2,2,1,2,1,1,1,6,5,5,4,4,4,2,2,3,3,3,3,3,3,4,3,3,3,7,5,6,5,6,7,3,4,4,4,4,4,5,5,6,6,6,5,4,4,4,3,3,3
R_3p6kkNoDFc4WcbV,2020-08-10 14:28:57,2020-08-10 14:32:43,IP Address,68.96.169.162,100,225,True,2020-08-10 14:32:43.711,36.24729919433594,-115.28209686279297,anonymous,EN,33,White,,Male,6,6,6,6,6,6,0,0,0,0,0,0,4,4,4,3,4,3,0,0,0,0,0,0,0,0,0,0,0,0,0,0,0,0,0,0,8,8,8,8,8,8,7,8,8,8,7,7,7,7,7,8,7,6,0,0,0,0,0,0
R_3fZ4BBSibRGBK9R,2020-08-10 14:11:57,2020-08-10 14:17:30,IP Address,69.124.192.119,100,333,True,2020-08-10 14:17:31.010,41.09159851074219,-74.37190246582031,anonymous,EN,49,White,,Male,5,5,5,5,5,5,4,5,4,4,5,4,4,4,4,4,4,5,6,6,7,6,5,6,6,7,5,6,6,5,6,5,5,5,6,5,8,8,8,8,8,8,5,6,7,7,6,5,6,6,7,7,7,6,4,4,5,4,4,4
R_YaAvz0ZyLTNtTvb,2020-08-10 14:03:04,2020-08-10 14:06:16,IP Address,69.216.102.103,100,191,True,2020-08-10 14:06:16.596,37.704498291015625,-122.07420349121094,anonymous,EN,32,East Asian,,Male,4,4,4,4,5,4,2,3,2,3,2,2,3,2,2,2,2,3,5,6,5,5,4,6,2,4,3,3,3,3,4,4,6,4,4,4,5,4,5,5,4,5,3,7,7,7,7,7,4,4,4,4,4,4,4,4,4,4,4,4
R_1M5QU4WoRSu12AU,2020-08-10 17:30:01,2020-08-10 17:40:45,IP Address,70.118.246.32,100,644,True,2020-08-10 17:40:46.268,39.03529357910156,-94.4636001586914,anonymous,EN,47,Black,,Male,6,6,6,6,7,7,2,2,1,2,2,3,2,3,2,2,2,2,7,7,7,7,7,7,6,5,4,5,5,5,3,4,4,4,4,4,7,8,9,8,8,8,6,7,7,7,7,6,7,6,6,7,7,6,6,7,7,6,6,6
R_2OH0fYTUv0fncae,2020-08-10 16:21:56,2020-08-10 16:25:31,IP Address,70.190.31.134,100,214,True,2020-08-10 16:25:31.481,33.272705078125,-111.82779693603516,anonymous,EN,28,White,,Male,4,4,4,3,4,4,3,3,3,3,3,3,3,3,3,3,3,3,3,3,3,4,3,3,4,5,4,4,4,4,2,2,3,2,3,3,6,7,7,7,7,7,3,4,4,4,4,4,4,3,4,4,4,4,3,3,2,2,2,2
R_2xCS11p7LB6dtU6,2020-08-10 14:00:38,2020-08-10 14:07:07,IP Address,70.44.129.143,100,389,True,2020-08-10 14:07:08.144,40.17500305175781,-76.18170166015625,anonymous,EN,49,White,,Male,5,6,6,6,6,6,3,4,4,4,4,5,2,4,3,2,4,3,7,6,6,6,6,7,7,7,7,8,8,7,5,6,6,6,6,6,7,7,7,7,7,7,5,6,6,5,5,5,7,8,8,8,8,7,4,4,4,3,4,4
R_3ozpYNF43fUNfwF,2020-08-10 13:49:11,2020-08-10 13:56:08,IP Address,70.92.101.12,100,416,True,2020-08-10 13:56:08.473,37.82499694824219,-87.56549835205078,anonymous,EN,59,White,,Female,5,6,5,5,5,6,2,2,2,1,2,2,4,3,4,4,4,4,3,4,4,4,4,4,4,5,4,5,7,3,5,6,5,5,6,6,7,6,7,7,8,7,8,7,8,8,8,8,6,6,6,6,7,6,3,3,3,2,4,3
R_12x8TisSAGH32hA,2020-08-10 13:57:03,2020-08-10 14:02:27,IP Address,71.196.41.108,100,324,True,2020-08-10 14:02:28.043,26.016204833984375,-80.19550323486328,anonymous,EN,28,Black,,Male,3,3,3,4,3,4,0,0,0,0,0,0,0,0,0,0,0,0,2,2,1,1,2,2,0,0,0,0,0,0,2,2,0,0,1,1,5,5,5,5,5,5,0,3,3,3,3,2,5,4,5,5,5,4,3,3,3,3,3,3
R_cBbidRiQiOavZHH,2020-08-10 18:15:32,2020-08-10 18:20:24,IP Address,71.202.98.199,100,291,True,2020-08-10 18:20:24.962,37.5625,-122.00039672851562,anonymous,EN,29,East Asian,,Male,5,5,5,5,5,5,4,4,4,4,4,4,5,5,5,5,5,5,4,4,4,4,4,4,4,4,4,4,4,4,4,4,4,4,4,4,5,5,5,5,5,5,6,6,7,7,6,6,6,5,6,5,6,4,4,4,4,4,4,4
R_12JxDqZPu64tr35,2020-08-10 19:21:51,2020-08-10 19:27:03,IP Address,71.28.235.220,100,311,True,2020-08-10 19:27:04.258,37.88679504394531,-84.56670379638672,anonymous,EN,44,White,,Male,6,6,6,6,6,6,4,4,4,4,4,4,2,2,2,2,3,2,2,4,4,6,4,4,6,7,5,4,5,3,5,5,5,5,5,5,7,7,7,7,7,7,7,7,7,6,7,6,6,6,6,6,6,6,4,4,4,4,4,4
R_3L85TPHJRv6K0Cq,2020-08-10 17:30:38,2020-08-10 17:41:02,IP Address,71.33.223.177,100,624,True,2020-08-10 17:41:02.636,39.786102294921875,-104.82959747314453,anonymous,EN,53,"White,Black",,Female,4,6,6,6,6,6,1,1,1,1,1,1,2,2,2,2,2,2,6,6,6,7,6,7,2,5,5,6,5,1,1,4,4,4,4,1,7,7,7,8,8,7,7,9,8,9,8,8,6,6,6,6,6,4,1,1,1,1,1,1
R_RXNFJhQdVG3JuI9,2020-08-10 18:57:02,2020-08-10 19:01:12,IP Address,71.57.103.50,100,249,True,2020-08-10 19:01:12.309,41.59100341796875,-88.04840087890625,anonymous,EN,33,White,,Male,6,6,6,6,6,6,4,3,5,4,5,4,4,4,4,4,4,4,6,7,7,7,8,8,5,5,5,5,5,4,6,4,6,4,5,4,10,9,9,9,10,10,7,8,7,7,7,7,6,8,6,8,7,8,7,5,4,4,4,4
R_1QixyKdnMFX3N33,2020-08-10 14:29:25,2020-08-10 14:33:00,IP Address,71.61.214.11,100,215,True,2020-08-10 14:33:00.825,40.305206298828125,-79.54180145263672,anonymous,EN,35,White,,Male,4,4,4,4,4,4,2,4,5,4,4,5,2,3,3,3,2,2,7,7,8,7,4,5,5,6,4,5,5,9,4,6,5,7,5,4,7,10,10,7,6,6,6,6,10,8,8,8,9,8,9,7,9,5,6,6,4,5,4,6
R_32QsxDWYqLafQCg,2020-08-10 19:23:28,2020-08-10 19:35:56,IP Address,71.71.190.45,100,748,True,2020-08-10 19:35:56.745,35.313507080078125,-81.55989837646484,anonymous,EN,42,White,,Male,6,6,6,4,5,5,4,4,4,4,4,4,4,4,4,4,4,4,8,7,8,7,6,8,4,4,4,4,4,4,6,6,7,7,7,6,8,8,8,8,7,8,7,7,7,7,6,7,7,7,7,7,7,7,6,5,6,5,5,6
R_2YXIxYOPquasu8y,2020-08-10 14:44:51,2020-08-10 14:48:49,IP Address,72.177.11.14,100,237,True,2020-08-10 14:48:49.656,30.377304077148438,-97.70999908447266,anonymous,EN,30,White,,Male,4,4,4,4,4,4,3,3,3,3,3,3,2,4,3,2,2,2,8,8,8,8,8,8,6,7,5,5,5,5,4,5,5,5,5,5,7,7,7,7,7,6,4,6,6,6,6,6,8,7,6,7,7,7,7,7,7,7,7,7
R_9z7Fm9WiW2n4Ygh,2020-08-10 13:52:44,2020-08-10 14:11:30,IP Address,72.182.197.198,100,1126,True,2020-08-10 14:11:31.050,32.848907470703125,-96.9666976928711,anonymous,EN,49,Black,,Female,6,6,6,6,6,6,5,5,5,5,5,5,4,4,4,4,4,4,7,7,7,6,7,7,6,6,6,6,6,6,5,5,5,5,5,5,6,6,6,6,6,6,6,7,7,7,7,7,6,6,6,6,6,6,6,6,6,6,6,6
R_2EGhKOe7TtjcP2k,2020-08-10 13:50:42,2020-08-10 13:54:36,IP Address,72.192.21.111,100,233,True,2020-08-10 13:54:36.272,41.76890563964844,-71.47579956054688,anonymous,EN,42,White,,Male,6,6,6,6,6,6,4,4,4,4,4,4,6,6,6,6,6,6,5,5,5,5,5,5,3,4,4,4,4,4,4,4,4,4,3,4,7,7,7,8,7,7,6,7,8,8,7,7,6,6,6,6,6,6,5,5,5,5,5,5
R_3qDSikI7nyfoaWt,2020-08-10 14:04:30,2020-08-10 14:08:14,IP Address,72.202.60.11,100,223,True,2020-08-10 14:08:14.312,36.010406494140625,-115.2072982788086,anonymous,EN,31,White,,Male,5,7,7,6,8,7,4,4,3,3,4,4,4,4,4,4,4,5,4,6,6,5,6,6,4,5,4,5,5,5,5,5,5,5,5,5,6,6,6,6,6,6,4,6,7,7,7,6,4,6,7,7,7,6,5,4,4,4,3,4
R_1eWZzvaJg8GwqgG,2020-08-10 18:52:33,2020-08-10 18:56:44,IP Address,72.68.27.29,100,251,True,2020-08-10 18:56:44.766,40.84620666503906,-74.70559692382812,anonymous,EN,39,White,,Male,4,3,3,2,3,3,2,2,2,2,2,3,2,2,2,1,1,1,7,8,7,7,6,7,2,4,3,4,3,3,2,3,3,3,3,3,7,7,8,8,8,8,7,7,5,6,6,7,7,5,5,5,5,5,6,6,6,6,6,6
R_3gZBQ7EEeam9ovT,2020-08-10 17:02:05,2020-08-10 17:06:51,IP Address,73.105.11.186,100,285,True,2020-08-10 17:06:51.682,30.117202758789062,-81.41190338134766,anonymous,EN,55,White,,Female,6,6,6,6,6,5,2,2,2,2,2,2,4,4,4,4,4,4,6,6,5,5,5,6,4,3,2,3,3,3,4,4,6,6,4,4,8,7,8,8,6,8,5,5,6,7,5,6,6,7,6,6,6,6,3,3,2,3,2,3
R_24w0cksuSLeo7Fz,2020-08-10 18:30:31,2020-08-10 18:34:56,IP Address,73.119.242.192,100,265,True,2020-08-10 18:34:57.116,43.01100158691406,-71.45709991455078,anonymous,EN,37,White,,Female,3,2,1,2,2,2,1,3,3,2,2,3,2,1,1,1,1,1,5,4,5,6,4,4,3,4,3,3,2,1,2,3,2,2,2,2,6,2,2,6,3,3,3,5,5,5,5,4,4,4,3,6,3,5,4,5,4,4,3,5
R_bIYB0mVZrrXVvtD,2020-08-10 18:17:41,2020-08-10 18:29:26,IP Address,73.149.134.147,100,704,True,2020-08-10 18:29:26.791,43.3656005859375,-72.34420013427734,anonymous,EN,38,White,,Male,7,6,6,7,5,8,2,2,2,2,1,2,5,2,4,1,4,4,6,6,7,4,6,6,3,6,4,4,4,4,5,5,5,7,5,4,8,7,7,6,7,8,8,7,8,9,8,7,8,8,8,7,7,7,5,7,6,6,4,6
R_29mpOkYTPLYwdN5,2020-08-10 16:54:11,2020-08-10 17:02:24,IP Address,73.189.103.206,100,493,True,2020-08-10 17:02:25.155,37.55169677734375,-122.33000183105469,anonymous,EN,43,East Asian,,Male,6,6,6,6,6,6,0,0,0,0,0,0,6,6,6,6,6,6,0,0,0,0,0,0,0,0,0,0,0,0,0,0,0,0,0,0,6,8,6,8,8,8,6,6,8,8,6,8,8,8,8,8,8,8,0,0,0,0,0,0
R_qUdJJ3GMdJCx8T7,2020-08-10 14:12:16,2020-08-10 14:24:25,IP Address,73.198.13.141,100,728,True,2020-08-10 14:24:25.452,39.472198486328125,-74.45659637451172,anonymous,EN,29,White,,Male,6,6,6,6,6,6,2,2,4,2,3,3,4,3,3,4,3,3,6,7,7,7,7,7,3,2,2,4,4,3,4,6,5,6,6,5,7,6,6,6,6,6,4,6,6,5,6,5,7,7,8,8,6,8,5,6,5,2,5,5
R_1eEQ05NBIcXxhbB,2020-08-10 18:40:39,2020-08-10 18:44:48,IP Address,73.227.222.115,100,248,True,2020-08-10 18:44:48.375,41.27760314941406,-72.8115005493164,anonymous,EN,34,White,,Male,5,4,4,2,4,5,2,1,2,1,2,1,1,1,1,1,1,1,4,6,6,6,5,6,5,4,5,5,5,5,5,4,5,4,4,5,8,8,8,8,7,8,5,6,6,6,5,5,4,4,5,6,7,4,4,5,5,5,4,4
R_2WZhEUAHDPsuVnp,2020-08-10 14:09:42,2020-08-10 14:15:19,IP Address,73.236.40.189,100,337,True,2020-08-10 14:15:19.904,41.02659606933594,-80.34980010986328,anonymous,EN,61,White,,Male,7,7,8,7,7,7,6,6,7,7,6,7,6,4,6,5,6,5,7,7,8,7,7,7,7,6,7,7,7,7,6,7,7,6,7,6,8,8,8,8,8,8,7,8,8,8,8,7,7,7,8,7,7,7,6,7,6,6,7,7
R_1MSCZ4LENUweMGE,2020-08-10 14:36:01,2020-08-10 14:42:36,IP Address,73.240.82.174,100,394,True,2020-08-10 14:42:36.782,44.627899169921875,-123.0592041015625,anonymous,EN,34,White,,Male,7,6,7,7,7,7,2,3,3,3,4,4,3,2,2,2,2,2,7,7,6,7,4,6,5,5,5,4,5,4,4,5,5,5,5,4,7,6,6,6,7,7,5,5,5,6,5,5,7,6,6,7,8,7,5,7,6,6,6,5
R_8jGPBkNPHF3fSYV,2020-08-10 18:25:56,2020-08-10 18:31:09,IP Address,73.249.19.200,100,312,True,2020-08-10 18:31:09.311,44.97149658203125,-72.69049835205078,anonymous,EN,47,White,,Male,6,6,7,6,7,7,4,4,4,4,4,4,5,4,4,4,4,4,5,7,7,7,7,7,3,4,3,3,3,3,5,5,5,5,5,5,7,8,8,7,8,7,6,6,6,6,6,5,6,7,7,7,6,7,6,6,5,5,6,5
R_3rP6hDsKPQWeeyO,2020-08-10 18:21:48,2020-08-10 18:27:03,IP Address,73.26.185.245,100,314,True,2020-08-10 18:27:03.463,32.28790283203125,-106.75910186767578,anonymous,EN,57,White,,Female,6,6,8,7,7,8,4,4,4,4,4,4,4,3,4,4,4,5,8,8,7,8,8,9,5,5,7,6,5,4,5,5,5,6,6,6,7,7,6,7,7,7,8,6,8,7,8,6,8,6,7,7,7,6,4,4,4,3,4,5
R_1GvOUNWZpUPeJsi,2020-08-10 14:10:49,2020-08-10 14:19:22,IP Address,73.33.74.127,100,512,True,2020-08-10 14:19:22.553,40.75819396972656,-74.99140167236328,anonymous,EN,38,East Asian,,Male,5,6,5,6,8,5,5,4,3,4,5,5,4,4,4,3,4,3,6,4,5,4,6,6,3,5,6,3,6,1,7,7,5,4,6,3,8,7,7,7,6,7,6,8,8,8,8,8,6,7,6,6,7,7,3,3,4,3,6,4
R_3RshD5thEC1mANJ,2020-08-10 13:54:46,2020-08-10 13:59:27,IP Address,73.63.5.150,100,281,True,2020-08-10 13:59:27.645,40.75,-111.9208984375,anonymous,EN,49,White,,Male,5,6,5,6,5,6,5,5,4,4,5,5,3,4,3,4,4,4,5,6,6,6,5,6,6,6,7,5,6,6,6,5,5,5,5,5,5,6,6,7,6,6,8,7,8,6,6,7,6,5,6,6,6,6,7,6,5,5,6,6
R_cGCapeIXEkAyKLD,2020-08-10 14:05:25,2020-08-10 14:12:52,IP Address,73.7.222.101,100,446,True,2020-08-10 14:12:52.849,33.934295654296875,-84.60759735107422,anonymous,EN,34,Black,,Female,0,0,1,0,1,0,0,0,0,0,0,0,0,0,0,0,0,0,1,2,2,2,2,2,0,0,0,0,0,0,1,1,1,1,1,1,5,1,1,6,1,1,6,6,6,6,6,6,1,1,1,1,1,1,5,5,5,5,5,5
R_1dv4ayPK5Y2vbCF,2020-08-10 18:18:00,2020-08-10 18:23:11,IP Address,73.75.151.140,100,310,True,2020-08-10 18:23:11.752,41.70880126953125,-85.97599792480469,anonymous,EN,55,White,,Male,8,8,8,6,8,8,3,3,4,4,4,4,7,8,6,8,7,8,7,6,6,6,6,6,4,6,4,7,6,4,8,6,7,7,7,6,7,9,9,8,8,8,7,8,8,8,8,8,7,6,7,7,7,6,6,4,6,4,6,4
R_vUn8n7PiPEJ7aVz,2020-08-10 14:18:57,2020-08-10 14:25:39,IP Address,73.9.138.157,100,401,True,2020-08-10 14:25:40.002,41.80949401855469,-87.6521987915039,anonymous,EN,34,White,,Male,5,5,6,6,6,7,2,3,4,3,4,3,2,2,3,3,3,3,6,6,6,6,6,6,5,5,5,5,5,5,5,4,6,5,5,6,6,5,7,7,7,6,5,6,6,6,5,5,6,4,7,7,6,5,4,4,3,4,4,5
R_zTMIQgtyWks6hzz,2020-08-10 18:30:37,2020-08-10 18:46:48,IP Address,74.129.225.123,100,970,True,2020-08-10 18:46:48.658,38.1842041015625,-85.8375015258789,anonymous,EN,40,Black,,Female,3,4,3,4,4,5,2,3,4,3,3,3,3,3,3,2,3,3,3,4,4,5,4,4,2,3,3,2,2,2,3,4,4,4,4,2,3,4,4,4,4,4,3,5,5,5,5,5,4,4,3,3,3,4,3,4,4,3,4,3
R_1dAdcSHKHeD7YQs,2020-08-10 20:33:57,2020-08-10 20:39:55,IP Address,74.134.238.26,100,358,True,2020-08-10 20:39:55.935,38.30479431152344,-85.58650207519531,anonymous,EN,55,White,,Male,7,7,7,7,7,7,3,3,3,3,3,3,3,3,3,3,3,3,8,8,8,8,8,8,7,7,7,7,7,7,7,6,6,6,6,6,8,8,8,8,8,8,8,8,8,8,8,8,7,7,7,7,7,7,6,6,6,6,6,6
R_2Tvq6MXiC4eZtoA,2020-08-10 18:25:36,2020-08-10 18:46:26,IP Address,74.79.209.255,100,1249,True,2020-08-10 18:46:26.737,42.928497314453125,-76.55909729003906,anonymous,EN,48,White,,Female,3,4,4,4,4,4,3,3,4,3,3,3,3,3,3,3,3,3,6,7,7,7,7,7,4,4,4,4,4,3,5,5,5,5,6,5,6,6,7,6,6,7,5,6,6,6,6,6,5,7,6,6,6,6,4,4,4,4,4,4
R_1hRWLQ5JQ574pm5,2020-08-10 20:24:02,2020-08-10 20:27:34,IP Address,75.110.108.8,100,212,True,2020-08-10 20:27:34.891,35.99040222167969,-77.8468017578125,anonymous,EN,36,White,,Female,5,5,5,5,5,5,4,4,4,4,4,4,4,4,4,4,4,4,7,7,7,7,7,7,5,5,5,5,5,5,5,5,5,5,5,5,7,7,7,7,7,7,7,7,7,7,7,7,7,7,7,7,7,7,5,5,5,5,5,5
R_2rO8wzHW44pZ2v1,2020-08-10 19:46:39,2020-08-10 19:53:16,IP Address,75.129.91.51,100,397,True,2020-08-10 19:53:16.986,43.607696533203125,-83.94979858398438,anonymous,EN,35,White,,Female,7,5,7,5,5,5,5,5,3,4,5,3,5,5,5,5,5,5,5,6,7,7,7,1,7,7,7,5,7,7,6,5,5,5,5,6,8,8,8,8,8,8,6,8,8,5,7,8,7,7,5,7,7,7,1,1,1,1,1,1
R_3EheCvEC6S1WDuB,2020-08-10 19:42:29,2020-08-10 19:48:02,IP Address,75.135.204.101,100,332,True,2020-08-10 19:48:02.990,40.712799072265625,-99.07830047607422,anonymous,EN,40,White,,Male,5,5,5,5,5,5,2,2,2,2,2,2,2,3,3,3,3,3,7,7,7,7,7,7,6,6,6,6,6,6,4,3,3,3,3,3,6,6,6,6,6,6,8,8,8,8,8,8,7,7,7,7,7,7,3,3,3,3,3,3
R_3Krni2MalMZ4sP9,2020-08-10 13:49:34,2020-08-10 13:55:47,IP Address,75.166.251.7,100,372,True,2020-08-10 13:55:47.565,39.84199523925781,-105.11009979248047,anonymous,EN,50,White,,Male,6,6,6,6,6,6,4,4,4,4,4,4,5,5,5,5,5,5,7,7,7,7,7,7,6,7,6,6,6,6,6,6,6,7,6,6,9,9,9,9,9,9,7,7,7,7,7,7,7,7,7,7,7,7,7,7,7,7,7,7
R_33EA1DBobc9mlKY,2020-08-10 22:06:31,2020-08-10 22:12:29,IP Address,75.188.10.119,100,357,True,2020-08-10 22:12:29.492,40.07319641113281,-82.40170288085938,anonymous,EN,31,White,,Male,6,6,10,9,8,8,2,4,5,5,5,5,4,3,4,3,4,3,7,7,9,8,7,6,5,4,5,5,7,5,8,9,7,5,7,3,6,7,9,7,9,6,5,4,7,6,6,5,7,4,7,7,9,5,8,8,8,6,8,6
R_zUS3PkQPOpj359T,2020-08-10 13:56:52,2020-08-10 14:03:26,IP Address,75.190.204.157,100,393,True,2020-08-10 14:03:26.497,35.4010009765625,-80.8687973022461,anonymous,EN,55,White,,Female,4,4,5,5,7,4,2,4,5,4,4,5,4,3,3,3,3,4,7,7,7,7,7,7,6,7,7,7,6,6,5,5,5,5,5,5,9,8,8,8,8,8,7,8,9,8,8,8,7,8,8,8,9,8,6,6,5,5,5,5
R_3kcBeWpIZiobTYT,2020-08-10 14:06:24,2020-08-10 14:11:52,IP Address,75.65.120.116,100,327,True,2020-08-10 14:11:52.573,32.440093994140625,-88.67829895019531,anonymous,EN,45,White,,Female,4,4,4,4,4,4,4,4,4,4,4,4,3,3,3,3,3,3,4,4,4,4,4,4,4,4,4,4,4,4,5,5,5,5,5,5,5,5,5,4,5,4,5,5,5,5,5,5,4,4,5,5,5,4,5,5,5,5,4,5
R_2TTVc85I7CrrDt7,2020-08-10 14:16:17,2020-08-10 14:22:54,IP Address,75.70.44.41,100,396,True,2020-08-10 14:22:54.777,39.86799621582031,-104.9719009399414,anonymous,EN,59,White,,Male,6,6,6,6,6,6,4,4,5,5,5,4,4,4,4,4,4,4,6,7,6,6,6,6,5,6,6,6,6,5,5,6,6,6,6,6,7,8,9,8,7,8,6,8,8,7,7,7,6,6,7,7,7,6,4,4,4,4,4,4
R_3HHMFGepKX134hu,2020-08-10 18:19:26,2020-08-10 18:24:22,IP Address,75.71.58.204,100,296,True,2020-08-10 18:24:23.175,39.82940673828125,-104.90950012207031,anonymous,EN,56,White,,Female,5,5,6,5,5,6,4,4,4,4,4,4,4,4,4,4,4,4,8,8,7,8,8,8,6,6,6,6,6,6,6,6,6,6,6,6,8,8,8,8,8,8,5,7,5,6,5,5,6,6,6,6,6,6,5,5,5,5,5,5
R_1roVcWGZZGgkSmP,2020-08-11 04:38:34,2020-08-11 04:48:54,IP Address,75.76.112.24,100,620,True,2020-08-11 04:48:54.932,27.788894653320312,-82.71920013427734,anonymous,EN,33,White,,Male,6,6,9,9,7,8,6,6,6,6,6,6,5,4,6,6,6,4,4,5,4,4,4,5,7,5,8,6,5,5,6,6,6,6,6,6,9,10,9,9,9,10,9,9,10,9,10,8,9,9,9,10,9,10,4,4,4,4,4,4
R_3Vmnbd1OccnHZbX,2020-08-10 18:16:23,2020-08-10 18:21:56,IP Address,75.85.186.22,100,333,True,2020-08-10 18:21:57.393,32.95109558105469,-117.2240982055664,anonymous,EN,59,White,,Female,5,5,4,4,5,4,0,1,2,1,1,2,1,2,2,1,2,2,6,8,9,9,6,8,4,5,5,5,5,4,5,6,7,7,6,6,8,9,9,8,7,7,5,5,5,5,5,5,4,4,6,6,6,4,2,4,4,4,4,4
R_24v0xQYjcx9l42x,2020-08-10 13:48:35,2020-08-10 13:55:32,IP Address,76.122.2.54,100,416,True,2020-08-10 13:55:32.532,30.160995483398438,-81.7311019897461,anonymous,EN,46,White,,Female,6,5,4,3,7,5,2,2,2,1,0,2,1,0,0,0,0,0,5,3,5,6,3,7,1,1,0,2,0,0,5,4,4,4,6,4,5,4,5,6,5,5,5,2,6,6,4,5,4,3,3,5,6,3,3,5,4,4,5,4
R_3I47yOxUSl5jWIU,2020-08-10 14:32:58,2020-08-10 14:41:58,IP Address,76.16.221.130,100,539,True,2020-08-10 14:41:59.029,42.216796875,-88.24449920654297,anonymous,EN,33,East Asian,,Male,2,1,3,2,1,1,2,1,2,1,1,1,1,1,0,0,0,0,3,6,6,4,2,5,3,3,4,2,3,3,4,5,5,4,5,3,8,7,7,7,8,8,6,7,7,7,6,5,7,7,7,7,7,7,4,4,5,3,5,5
R_DjVJJZl1d9wqG41,2020-08-10 14:32:24,2020-08-10 14:36:41,IP Address,76.185.187.47,100,256,True,2020-08-10 14:36:41.294,29.424697875976562,-98.46209716796875,anonymous,EN,40,Other,mixed,Male,2,4,2,2,4,4,1,1,1,1,1,1,4,4,2,0,2,2,2,2,1,2,2,2,3,3,1,2,2,1,1,0,1,2,1,1,8,6,7,6,4,4,5,6,7,6,7,7,8,7,8,7,8,8,1,2,1,2,1,1
R_1fZZ2ziteMoHA5M,2020-08-10 18:52:17,2020-08-10 18:57:22,IP Address,76.187.65.25,100,305,True,2020-08-10 18:57:23.338,33.14939880371094,-96.8280029296875,anonymous,EN,35,White,,Male,5,5,7,6,3,5,3,5,5,3,4,4,3,4,3,3,4,4,7,7,8,7,7,6,6,7,6,6,6,4,5,6,6,6,6,5,7,8,8,8,8,8,6,7,7,7,6,6,3,6,7,6,6,4,6,6,6,6,5,5
R_2yjvwiEEgyDQDd6,2020-08-10 19:38:32,2020-08-10 19:42:22,IP Address,76.227.12.50,100,230,True,2020-08-10 19:42:22.757,42.112396240234375,-87.97899627685547,anonymous,EN,41,White,,Female,2,5,6,5,5,3,1,1,1,1,1,1,1,1,3,1,2,1,1,4,3,3,3,3,4,5,5,5,5,5,1,1,1,1,1,1,9,8,9,9,8,9,4,5,7,5,5,6,3,4,5,5,5,1,1,1,3,1,2,3
R_2A1qS9WUWXj5AZA,2020-08-10 14:36:01,2020-08-10 14:42:18,IP Address,76.77.45.140,100,377,True,2020-08-10 14:42:19.154,37.54789733886719,-79.7123031616211,anonymous,EN,28,White,,Female,4,4,3,4,3,2,3,3,3,2,3,3,2,2,3,2,3,3,4,5,5,3,5,3,3,4,3,3,3,2,4,4,4,3,3,4,6,5,8,5,6,5,4,5,6,6,5,6,4,4,7,6,6,6,6,5,4,3,5,4
R_2tJ2PZKVzqjx5v5,2020-08-10 19:28:40,2020-08-10 19:38:13,IP Address,76.91.179.34,100,572,True,2020-08-10 19:38:13.512,34.03129577636719,-118.3124008178711,anonymous,EN,36,Black,,Male,4,6,4,7,6,6,1,3,1,1,1,1,3,3,3,2,2,2,5,6,6,6,6,8,0,0,1,5,0,0,1,9,0,0,1,0,7,7,7,7,7,7,3,7,6,6,6,6,4,8,7,9,7,7,1,2,1,2,2,2
R_wUlwGlxayE9A6yJ,2020-08-10 13:56:24,2020-08-10 14:04:12,IP Address,76.93.168.189,100,468,True,2020-08-10 14:04:12.924,33.0924072265625,-117.26240539550781,anonymous,EN,43,White,,Male,2,4,5,4,5,4,3,4,5,4,4,4,2,3,2,3,2,3,6,6,7,6,6,6,4,6,7,7,5,6,3,6,5,4,6,4,5,6,6,7,7,8,4,7,8,8,6,6,4,4,7,7,7,6,4,6,6,4,5,6
R_11amFUoiksh16nu,2020-08-10 16:01:06,2020-08-10 16:08:29,IP Address,96.230.107.186,100,442,True,2020-08-10 16:08:29.726,42.150604248046875,-71.42680358886719,anonymous,EN,43,White,,Female,4,6,5,6,6,7,3,4,6,4,4,5,4,3,3,4,3,3,7,7,8,7,7,7,4,6,6,5,5,3,6,8,7,8,6,7,9,10,9,9,9,9,7,7,8,8,7,8,5,6,7,6,7,8,6,6,6,6,6,7
R_sG1ZZSrrQbs7CSt,2020-08-10 19:07:27,2020-08-10 19:12:50,IP Address,96.235.33.51,100,323,True,2020-08-10 19:12:50.840,40.43220520019531,-80.10209655761719,anonymous,EN,32,White,,Male,7,6,6,5,5,7,3,3,3,4,3,3,4,4,4,4,4,4,3,3,3,3,4,3,3,3,3,3,3,3,3,3,3,3,3,3,7,8,8,8,8,8,7,7,7,7,7,7,7,7,8,8,7,8,3,3,4,3,3,3
R_324pJu6kbMwpkVO,2020-08-10 14:58:35,2020-08-10 15:02:35,IP Address,96.32.30.254,100,239,True,2020-08-10 15:02:35.918,41.98030090332031,-71.83760070800781,anonymous,EN,30,White,,Female,6,6,6,6,6,6,5,5,5,5,5,5,5,5,5,4,4,5,5,6,6,6,5,7,5,5,5,5,5,5,5,5,5,5,5,5,6,6,6,6,6,6,6,7,7,7,7,7,6,6,6,6,6,6,5,5,5,5,5,5
R_1H2I9rGD9ucQGT4,2020-08-10 19:12:24,2020-08-10 19:20:43,IP Address,96.59.131.140,100,498,True,2020-08-10 19:20:43.424,28.068405151367188,-82.7593002319336,anonymous,EN,44,White,,Male,8,8,8,8,7,8,4,4,4,4,4,4,4,4,4,4,4,4,7,7,7,7,7,5,7,6,7,7,7,6,7,7,7,8,7,7,8,8,8,8,8,8,8,8,8,8,8,7,8,8,8,8,8,8,6,6,7,7,6,6
R_2YnfamkoRlYU8rv,2020-08-10 15:34:46,2020-08-10 15:44:56,IP Address,96.60.79.87,100,610,True,2020-08-10 15:44:56.826,46.51310729980469,-122.47889709472656,anonymous,EN,66,White,,Female,3,5,3,3,3,5,3,3,3,3,3,3,3,3,3,3,3,3,9,8,9,9,9,8,8,8,7,8,8,8,8,8,8,8,8,8,8,8,8,8,8,8,5,6,7,6,7,6,8,7,7,7,8,7,3,3,5,4,3,4
R_2zkG3JYR55ll45F,2020-08-10 18:22:24,2020-08-10 18:29:10,IP Address,96.66.19.209,100,405,True,2020-08-10 18:29:10.692,42.43269348144531,-83.03959655761719,anonymous,EN,34,White,,Male,4,4,6,4,6,6,3,3,4,3,2,3,2,4,4,2,2,2,6,5,6,5,5,6,5,3,4,4,4,3,5,5,5,6,6,5,7,7,8,8,8,6,7,8,7,7,8,6,5,6,5,6,7,7,4,5,6,5,7,4
R_22GkvLsSlMWNgc1,2020-08-10 13:47:59,2020-08-10 13:56:44,IP Address,97.84.226.92,100,524,True,2020-08-10 13:56:44.922,43.17720031738281,-85.24729919433594,anonymous,EN,41,White,,Male,5,5,5,5,5,6,2,2,2,2,2,2,4,4,4,3,4,4,5,4,4,4,4,4,3,3,3,3,3,3,3,3,3,3,3,3,6,6,6,6,6,6,5,5,6,5,5,5,7,7,7,6,7,7,5,5,5,5,5,5
R_bDgUfDnjdWcFvwZ,2020-08-10 23:37:17,2020-08-10 23:41:39,IP Address,97.93.32.220,100,261,True,2020-08-10 23:41:39.307,34.09150695800781,-118.13069915771484,anonymous,EN,31,East Asian,,Female,5,5,5,5,5,5,4,4,4,4,4,4,4,5,4,4,4,4,7,5,6,7,7,7,5,5,5,5,5,5,5,5,5,5,5,4,6,6,6,6,6,6,5,6,7,6,6,6,7,6,7,7,7,7,4,4,4,4,4,4
R_3JDcH5NS4aiGm70,2020-08-10 23:16:31,2020-08-10 23:23:56,IP Address,98.1.58.124,100,445,True,2020-08-10 23:23:57.005,43.16119384765625,-78.6946029663086,anonymous,EN,25,"White,East Asian,South Asian",,Male,6,7,6,6,6,7,2,2,2,2,2,2,4,4,4,4,4,4,7,7,8,7,7,7,2,3,2,2,3,2,6,7,7,6,6,6,7,7,7,7,7,7,7,7,8,7,7,8,7,7,7,7,7,6,5,5,4,4,4,4
R_DGCi4ws5U7Efydr,2020-08-10 16:08:23,2020-08-10 16:13:23,IP Address,98.148.74.247,100,299,True,2020-08-10 16:13:23.560,33.91679382324219,-118.34320068359375,anonymous,EN,31,White,,Male,4,4,4,4,4,4,0,0,0,0,0,0,5,6,5,6,5,6,0,0,0,0,0,0,0,0,0,0,0,0,0,0,0,0,0,0,7,7,7,7,6,7,7,7,7,7,7,7,7,7,7,7,7,6,0,0,0,0,0,0
R_2bVImqO4lyRcW2l,2020-08-10 21:19:07,2020-08-10 21:24:07,IP Address,98.178.209.164,100,299,True,2020-08-10 21:24:07.425,30.03179931640625,-89.97119903564453,anonymous,EN,42,Black,,Male,6,7,7,7,7,7,3,3,3,3,3,3,3,3,2,3,2,3,5,5,5,5,5,5,3,3,3,3,2,3,4,4,4,4,4,4,7,8,8,8,8,8,6,6,6,6,6,6,6,6,8,6,6,6,3,4,3,4,4,3
R_1r1eIPxqWSw3UZ2,2020-08-10 15:52:21,2020-08-10 15:57:06,IP Address,98.182.133.39,100,284,True,2020-08-10 15:57:06.667,36.196197509765625,-115.26329803466797,anonymous,EN,41,White,,Male,3,3,3,3,3,4,2,3,3,2,2,3,5,5,5,5,5,5,7,7,7,7,7,7,5,5,5,5,5,5,4,4,4,4,3,5,4,4,4,4,4,4,7,7,6,8,7,7,3,3,4,3,3,3,0,0,0,0,0,0
R_0e8UrXnmFdVaxNL,2020-08-10 14:27:51,2020-08-10 14:32:17,IP Address,98.204.255.222,100,266,True,2020-08-10 14:32:18.030,39.62489318847656,-75.83509826660156,anonymous,EN,30,White,,Male,2,3,4,4,2,8,2,0,1,1,1,1,3,2,3,2,2,2,4,3,4,4,4,6,3,2,3,2,2,2,6,6,6,8,7,7,7,7,7,7,7,7,8,8,8,8,8,8,6,7,7,6,6,6,6,6,7,7,6,7
R_1Q9HAguILffeSFh,2020-08-10 14:16:52,2020-08-10 14:20:05,IP Address,98.235.69.98,100,192,True,2020-08-10 14:20:05.549,41.27229309082031,-75.88870239257812,anonymous,EN,40,White,,Male,7,8,7,8,8,8,4,6,7,7,6,7,5,4,4,4,4,4,8,7,8,7,8,8,7,7,7,7,7,8,7,7,7,7,7,7,9,9,9,9,8,9,8,9,9,9,9,9,8,8,7,7,7,8,5,5,5,5,5,4
R_Q5GGz7YSR4MSMeZ,2020-08-10 19:41:24,2020-08-10 19:46:21,IP Address,98.25.184.142,100,296,True,2020-08-10 19:46:21.723,36.14300537109375,-80.30729675292969,anonymous,EN,38,White,,Male,6,4,5,6,6,6,2,1,2,2,1,2,2,3,2,3,3,2,6,6,6,6,6,5,5,5,4,5,4,3,4,4,4,4,4,4,7,6,7,5,6,6,6,6,8,7,7,7,5,6,7,6,6,6,3,3,3,3,3,2
R_1IEiZqijYOFZyht,2020-08-10 15:40:36,2020-08-10 15:47:16,IP Address,98.4.185.112,100,399,True,2020-08-10 15:47:16.649,43.18060302734375,-77.59480285644531,anonymous,EN,61,White,,Female,6,6,6,6,6,6,5,5,5,5,5,5,6,3,3,3,3,3,4,5,5,5,4,4,4,5,4,4,5,4,4,5,5,5,6,5,4,4,4,4,4,4,3,3,3,3,3,3,6,6,6,6,6,6,4,4,4,4,4,4
R_110zurrslwmrzfM,2020-08-10 14:10:40,2020-08-10 14:16:09,IP Address,99.13.250.13,100,329,True,2020-08-10 14:16:10.052,29.024703979492188,-80.9583969116211,anonymous,EN,69,White,,Female,6,8,8,8,8,8,5,5,5,5,5,5,3,3,3,3,3,3,8,8,8,8,8,8,6,6,6,6,6,6,6,6,6,6,6,6,7,7,7,7,7,7,6,4,4,4,4,6,6,7,7,8,7,7,4,5,4,6,5,5
R_rf3cIuq9VJBZA5z,2020-08-10 14:06:43,2020-08-10 14:10:58,IP Address,99.135.155.171,100,254,True,2020-08-10 14:10:58.363,41.88470458984375,-88.30280303955078,anonymous,EN,38,White,,Male,4,6,6,5,4,5,2,3,5,4,4,6,3,3,2,1,2,3,4,4,4,4,3,4,5,4,6,4,4,2,5,4,5,3,4,3,8,8,8,7,8,7,6,6,7,6,6,6,4,7,6,7,6,6,3,3,5,3,3,4
R_1f2goydWNt0CGSb,2020-08-10 14:06:52,2020-08-10 14:13:25,IP Address,99.157.102.220,100,393,True,2020-08-10 14:13:26.407,34.10780334472656,-84.50260162353516,anonymous,EN,30,White,,Female,6,6,5,6,6,7,2,5,5,4,3,5,3,2,3,3,3,3,2,6,7,7,4,7,4,5,2,4,3,4,4,5,5,6,6,4,6,8,7,8,8,7,4,5,7,6,5,8,4,6,6,6,6,6,5,5,4,4,5,4
R_2wThdrqqENYn7yN,2020-08-10 15:41:27,2020-08-10 15:45:28,IP Address,99.203.203.125,100,241,True,2020-08-10 15:45:29.275,39.21510314941406,-76.75399780273438,anonymous,EN,58,White,,Female,4,4,6,4,4,4,3,2,3,3,3,2,3,2,4,3,3,5,7,7,4,6,6,4,5,6,4,5,5,3,5,4,4,4,5,3,6,6,7,7,7,7,6,5,6,4,6,5,6,5,5,5,6,4,4,4,5,5,3,4
R_djwo7No4WUKyAvf,2020-08-10 19:13:48,2020-08-10 19:20:20,IP Address,99.203.44.254,100,392,True,2020-08-10 19:20:20.659,47.606201171875,-122.33209991455078,anonymous,EN,54,White,,Female,0,2,0,1,1,1,4,5,5,6,4,7,0,1,1,1,1,1,7,8,8,8,8,8,9,8,8,8,8,8,6,7,6,7,7,6,9,9,9,9,9,10,4,5,4,4,4,4,5,6,6,6,6,6,5,2,4,2,1,3
R_3spDQtrfuHgFf8T,2020-08-10 15:07:47,2020-08-10 15:13:39,IP Address,99.40.167.164,100,352,True,2020-08-10 15:13:40.246,28.902496337890625,-81.24800109863281,anonymous,EN,49,White,,Male,6,5,5,5,5,5,2,2,2,2,2,2,2,2,2,1,2,2,7,7,7,7,7,7,2,3,3,3,2,2,3,3,3,3,3,3,7,6,6,6,7,7,5,5,6,6,6,7,7,7,7,7,7,7,4,3,2,3,3,3
R_2tKm3D8aaLgnMlT,2020-08-10 19:07:24,2020-08-10 19:12:41,IP Address,99.99.57.52,100,316,True,2020-08-10 19:12:41.943,34.13609313964844,-118.16719818115234,anonymous,EN,30,White,,Female,7,8,7,7,8,8,2,2,2,2,3,2,3,3,3,3,2,2,7,6,7,6,7,7,3,3,5,3,3,3,4,3,3,4,4,3,8,8,8,8,8,8,6,6,6,6,6,4,7,6,6,6,6,6,4,4,4,4,4,3
